ping_id,engineer_id,timestamp,lat,lon,facility_id,zone,activity_type,dwell_minutes
FL-0001,ENG-022,2024-03-04T22:22:32Z,31.50052,-92.586196,FAC-005,yellow_zone,flare_stack_area,119.8
FL-0002,ENG-025,2024-05-19T01:39:56Z,42.276062,-89.577114,FAC-001,red_zone,office,98.9
FL-0003,ENG-013,2024-03-19T18:58:17Z,44.080949,-92.359491,FAC-001,exclusion_zone,helipad,118.7
FL-0004,ENG-005,2024-06-17T01:21:52Z,34.745116,-101.915327,FAC-004,exclusion_zone,wellhead,62.4
FL-0005,ENG-018,2024-05-27T02:46:16Z,36.312243,-91.340841,FAC-006,green_zone,laydown_yard,101.7
FL-0006,ENG-014,2024-05-29T13:04:15Z,46.722455,-98.481618,FAC-008,exclusion_zone,helipad,4.6
FL-0007,ENG-005,2024-04-22T03:23:03Z,45.222505,-100.499705,FAC-001,exclusion_zone,laydown_yard,41.4
FL-0008,ENG-014,2024-03-23T15:59:45Z,41.086782,-98.739363,FAC-005,red_zone,flare_stack_area,3.8
FL-0009,ENG-002,2024-06-28T01:30:12Z,29.060964,-88.40962,FAC-006,exclusion_zone,transit,25.3
FL-0010,ENG-013,2024-01-13T08:54:23Z,37.758793,-102.609904,FAC-002,red_zone,flare_stack_area,115.5
FL-0011,ENG-021,2024-06-22T17:48:29Z,32.7022,-102.914374,FAC-003,green_zone,flare_stack_area,59.1
FL-0012,ENG-006,2024-02-08T15:24:04Z,27.528803,-88.666098,FAC-005,yellow_zone,wellhead,35.6
FL-0013,ENG-017,2024-01-14T14:07:40Z,36.002601,-99.364259,FAC-001,yellow_zone,laydown_yard,103.3
FL-0014,ENG-014,2024-03-16T22:40:57Z,29.45478,-104.006609,FAC-007,exclusion_zone,control_room,47.3
FL-0015,ENG-007,2024-01-26T05:31:41Z,45.149879,-100.424371,FAC-008,yellow_zone,flare_stack_area,69.4
FL-0016,ENG-010,2024-04-24T01:54:39Z,30.465402,-93.098103,FAC-008,red_zone,wellhead,1.9
FL-0017,ENG-005,2024-03-27T13:15:35Z,27.407341,-98.813736,FAC-004,red_zone,flare_stack_area,105.6
FL-0018,ENG-015,2024-03-30T20:19:01Z,38.674921,-92.728767,FAC-005,exclusion_zone,laydown_yard,84.3
FL-0019,ENG-023,2024-06-02T20:36:13Z,32.543872,-94.965505,FAC-003,exclusion_zone,wellhead,22.4
FL-0020,ENG-020,2024-05-22T09:09:52Z,35.505686,-99.07603,FAC-003,green_zone,transit,84.1
FL-0021,ENG-002,2024-02-16T13:03:39Z,45.48192,-103.15722,FAC-005,green_zone,wellhead,109.1
FL-0022,ENG-014,2024-05-27T22:31:43Z,38.162126,-88.084305,FAC-002,green_zone,helipad,92.2
FL-0023,ENG-011,2024-03-20T15:11:10Z,35.920592,-101.450201,FAC-001,exclusion_zone,drilling_floor,9.7
FL-0024,ENG-023,2024-05-11T04:37:37Z,42.494195,-99.1392,FAC-007,yellow_zone,transit,5.5
FL-0025,ENG-009,2024-01-23T06:27:36Z,41.600191,-103.54335,FAC-008,exclusion_zone,accommodation,9.1
FL-0026,ENG-018,2024-05-07T13:56:50Z,31.330459,-88.899668,FAC-003,exclusion_zone,office,101.1
FL-0027,ENG-006,2024-06-11T19:40:26Z,26.397455,-104.190728,FAC-005,green_zone,helipad,89.2
FL-0028,ENG-006,2024-01-16T01:34:25Z,40.770627,-105.798209,FAC-005,yellow_zone,accommodation,43.6
FL-0029,ENG-007,2024-05-18T17:24:09Z,26.757787,-93.849206,FAC-004,exclusion_zone,drilling_floor,100.5
FL-0030,ENG-017,2024-05-04T11:19:59Z,40.575879,-94.119273,FAC-002,exclusion_zone,office,53.8
FL-0031,ENG-020,2024-01-01T21:44:38Z,27.070623,-99.20688,FAC-004,yellow_zone,laydown_yard,109.1
FL-0032,ENG-007,2024-01-18T17:53:29Z,26.352846,-105.497005,FAC-001,red_zone,wellhead,81.9
FL-0033,ENG-003,2024-02-12T19:55:14Z,47.092396,-104.261142,FAC-003,yellow_zone,drilling_floor,50.5
FL-0034,ENG-004,2024-06-07T09:05:05Z,33.197112,-95.883026,FAC-004,yellow_zone,helipad,48.0
FL-0035,ENG-014,2024-01-24T10:59:14Z,31.112979,-104.094064,FAC-006,yellow_zone,drilling_floor,48.9
FL-0036,ENG-011,2024-01-03T07:50:14Z,34.562107,-97.742033,FAC-002,red_zone,flare_stack_area,44.9
FL-0037,ENG-003,2024-06-20T22:32:34Z,30.808339,-100.572384,FAC-008,green_zone,helipad,95.2
FL-0038,ENG-019,2024-02-03T07:03:26Z,31.542683,-104.294598,FAC-006,exclusion_zone,separator_area,40.5
FL-0039,ENG-021,2024-05-27T21:51:18Z,45.447275,-100.276594,FAC-008,green_zone,laydown_yard,3.1
FL-0040,ENG-019,2024-03-28T04:04:46Z,34.412171,-94.469345,FAC-004,green_zone,wellhead,3.5
FL-0041,ENG-025,2024-06-23T03:17:42Z,28.729236,-101.744866,FAC-007,yellow_zone,flare_stack_area,10.4
FL-0042,ENG-005,2024-03-13T17:24:23Z,36.971983,-102.363788,FAC-007,yellow_zone,drilling_floor,29.3
FL-0043,ENG-024,2024-04-26T03:13:56Z,47.74813,-98.012928,FAC-006,yellow_zone,office,38.8
FL-0044,ENG-025,2024-01-08T16:35:03Z,37.459203,-88.403785,FAC-005,green_zone,wellhead,101.8
FL-0045,ENG-011,2024-03-07T13:13:48Z,31.329478,-96.292388,FAC-004,yellow_zone,flare_stack_area,104.9
FL-0046,ENG-017,2024-03-03T10:56:13Z,30.038,-94.663915,FAC-002,exclusion_zone,control_room,114.5
FL-0047,ENG-002,2024-05-03T04:21:51Z,47.824277,-89.111059,FAC-003,green_zone,separator_area,71.5
FL-0048,ENG-007,2024-02-15T21:17:06Z,37.16334,-98.327683,FAC-008,red_zone,separator_area,86.9
FL-0049,ENG-008,2024-03-23T08:03:41Z,29.881581,-101.51855,FAC-005,exclusion_zone,wellhead,33.4
FL-0050,ENG-016,2024-01-16T12:54:05Z,46.92229,-99.527525,FAC-007,yellow_zone,accommodation,53.5
FL-0051,ENG-017,2024-04-28T07:58:58Z,42.168418,-92.31416,FAC-008,green_zone,transit,51.9
FL-0052,ENG-003,2024-05-27T08:32:09Z,45.942055,-100.595832,FAC-003,yellow_zone,office,46.3
FL-0053,ENG-010,2024-03-29T01:56:37Z,32.230966,-95.881442,FAC-008,green_zone,laydown_yard,17.3
FL-0054,ENG-016,2024-02-08T00:06:05Z,29.403938,-102.586735,FAC-001,red_zone,accommodation,49.1
FL-0055,ENG-014,2024-03-17T15:12:03Z,47.350838,-99.283392,FAC-008,red_zone,flare_stack_area,9.5
FL-0056,ENG-002,2024-06-27T22:58:56Z,28.738505,-89.221668,FAC-003,yellow_zone,transit,114.9
FL-0057,ENG-025,2024-06-26T07:17:20Z,42.534703,-99.725584,FAC-008,red_zone,drilling_floor,78.5
FL-0058,ENG-014,2024-05-22T20:26:37Z,31.42942,-97.40094,FAC-006,green_zone,separator_area,32.1
FL-0059,ENG-015,2024-05-12T05:59:59Z,29.242083,-101.546534,FAC-003,green_zone,control_room,92.7
FL-0060,ENG-021,2024-05-18T04:20:25Z,46.171423,-98.841995,FAC-002,yellow_zone,transit,20.7
FL-0061,ENG-014,2024-02-19T02:27:55Z,41.22041,-96.988357,FAC-007,red_zone,transit,90.5
FL-0062,ENG-024,2024-06-17T19:46:52Z,27.955216,-94.548756,FAC-006,yellow_zone,office,90.1
FL-0063,ENG-024,2024-03-18T06:40:32Z,41.378198,-105.884434,FAC-003,exclusion_zone,drilling_floor,12.5
FL-0064,ENG-025,2024-05-15T05:04:15Z,35.192471,-98.496838,FAC-005,exclusion_zone,separator_area,22.0
FL-0065,ENG-006,2024-05-16T17:05:51Z,28.955305,-97.243517,FAC-002,exclusion_zone,flare_stack_area,97.9
FL-0066,ENG-006,2024-02-09T00:27:08Z,27.297605,-102.710871,FAC-004,red_zone,transit,53.4
FL-0067,ENG-020,2024-01-22T04:53:15Z,45.103964,-103.00973,FAC-005,green_zone,transit,15.8
FL-0068,ENG-003,2024-03-07T10:32:36Z,26.652666,-101.773958,FAC-008,green_zone,drilling_floor,8.3
FL-0069,ENG-025,2024-01-02T09:40:43Z,40.63709,-91.794271,FAC-001,green_zone,wellhead,63.2
FL-0070,ENG-001,2024-03-13T22:43:46Z,39.265667,-88.235857,FAC-005,exclusion_zone,accommodation,91.1
FL-0071,ENG-020,2024-03-24T09:23:56Z,33.404104,-93.72652,FAC-006,red_zone,wellhead,113.0
FL-0072,ENG-022,2024-03-18T09:00:39Z,34.325585,-104.969652,FAC-006,red_zone,control_room,1.4
FL-0073,ENG-023,2024-03-19T00:33:45Z,41.954844,-90.01653,FAC-003,green_zone,flare_stack_area,15.6
FL-0074,ENG-017,2024-02-24T06:24:47Z,46.923363,-92.474085,FAC-004,red_zone,accommodation,74.6
FL-0075,ENG-022,2024-06-17T21:48:32Z,36.454387,-98.563721,FAC-004,green_zone,laydown_yard,3.0
FL-0076,ENG-012,2024-06-18T14:29:59Z,27.006594,-91.463959,FAC-006,exclusion_zone,wellhead,73.2
FL-0077,ENG-013,2024-05-23T12:56:35Z,39.477032,-104.535354,FAC-007,exclusion_zone,control_room,88.4
FL-0078,ENG-010,2024-04-27T21:38:06Z,30.291693,-103.423094,FAC-001,yellow_zone,accommodation,95.8
FL-0079,ENG-010,2024-06-10T15:03:04Z,40.807368,-96.12256,FAC-008,yellow_zone,accommodation,114.7
FL-0080,ENG-016,2024-05-08T16:08:09Z,37.894694,-101.619592,FAC-003,green_zone,control_room,52.8
FL-0081,ENG-023,2024-01-06T16:11:00Z,29.525176,-89.278588,FAC-007,red_zone,wellhead,86.6
FL-0082,ENG-022,2024-04-02T11:43:46Z,46.933085,-93.929177,FAC-003,exclusion_zone,control_room,95.7
FL-0083,ENG-011,2024-06-18T07:32:15Z,30.923737,-95.632502,FAC-002,red_zone,transit,109.3
FL-0084,ENG-024,2024-05-22T22:01:12Z,41.950618,-94.229446,FAC-007,yellow_zone,wellhead,31.8
FL-0085,ENG-010,2024-01-18T00:37:12Z,28.450415,-99.875719,FAC-004,green_zone,flare_stack_area,44.8
FL-0086,ENG-011,2024-03-14T19:50:15Z,38.692171,-105.969787,FAC-001,yellow_zone,transit,117.6
FL-0087,ENG-011,2024-05-29T18:25:46Z,34.030525,-93.772561,FAC-003,yellow_zone,control_room,48.0
FL-0088,ENG-018,2024-06-14T12:17:41Z,36.133261,-103.395386,FAC-005,yellow_zone,accommodation,81.9
FL-0089,ENG-005,2024-04-26T19:01:55Z,32.234642,-92.552921,FAC-001,red_zone,office,60.8
FL-0090,ENG-023,2024-01-24T23:23:02Z,32.015956,-90.741953,FAC-008,yellow_zone,accommodation,35.7
FL-0091,ENG-013,2024-01-12T10:05:11Z,47.585141,-100.003398,FAC-004,yellow_zone,drilling_floor,110.9
FL-0092,ENG-025,2024-02-04T18:17:41Z,44.849134,-92.906882,FAC-005,yellow_zone,drilling_floor,66.2
FL-0093,ENG-011,2024-03-23T00:42:04Z,40.913771,-88.174343,FAC-007,exclusion_zone,control_room,63.8
FL-0094,ENG-010,2024-02-24T19:54:43Z,41.320279,-102.488341,FAC-007,green_zone,separator_area,39.5
FL-0095,ENG-019,2024-06-17T03:10:43Z,43.711579,-90.703425,FAC-005,exclusion_zone,separator_area,69.7
FL-0096,ENG-015,2024-05-15T03:23:16Z,36.613718,-89.850074,FAC-004,yellow_zone,wellhead,88.5
FL-0097,ENG-001,2024-03-11T08:05:40Z,41.971065,-95.637722,FAC-003,exclusion_zone,transit,81.9
FL-0098,ENG-006,2024-06-28T19:24:16Z,27.239293,-99.599491,FAC-008,yellow_zone,drilling_floor,15.0
FL-0099,ENG-017,2024-05-06T05:40:31Z,33.446688,-98.191214,FAC-003,exclusion_zone,wellhead,5.0
FL-0100,ENG-008,2024-03-18T00:29:55Z,36.74977,-93.616286,FAC-003,exclusion_zone,control_room,93.5
FL-0101,ENG-021,2024-03-15T04:43:09Z,32.054753,-94.242481,FAC-006,green_zone,control_room,14.9
FL-0102,ENG-004,2024-04-04T23:55:23Z,40.111005,-89.647388,FAC-004,green_zone,flare_stack_area,69.2
FL-0103,ENG-019,2024-04-03T02:37:27Z,32.021946,-92.583533,FAC-003,exclusion_zone,accommodation,120.0
FL-0104,ENG-023,2024-03-25T04:59:08Z,32.563994,-103.745744,FAC-006,green_zone,helipad,23.0
FL-0105,ENG-023,2024-01-04T20:01:29Z,34.663524,-91.285669,FAC-008,green_zone,helipad,100.6
FL-0106,ENG-018,2024-05-18T14:18:43Z,44.014207,-94.269388,FAC-004,green_zone,separator_area,103.6
FL-0107,ENG-023,2024-02-04T22:34:11Z,26.117128,-97.949808,FAC-006,green_zone,drilling_floor,16.3
FL-0108,ENG-007,2024-05-06T17:31:30Z,29.546626,-95.875068,FAC-001,green_zone,control_room,61.2
FL-0109,ENG-012,2024-04-15T17:12:51Z,29.77527,-88.412144,FAC-001,yellow_zone,office,6.5
FL-0110,ENG-017,2024-06-24T15:49:56Z,43.22164,-94.135164,FAC-008,yellow_zone,flare_stack_area,59.4
FL-0111,ENG-011,2024-04-11T11:48:04Z,46.037229,-88.057651,FAC-004,green_zone,drilling_floor,29.2
FL-0112,ENG-007,2024-01-28T12:13:03Z,32.593603,-91.0127,FAC-003,yellow_zone,flare_stack_area,43.7
FL-0113,ENG-005,2024-05-21T13:52:22Z,39.69088,-104.661526,FAC-005,red_zone,transit,78.3
FL-0114,ENG-006,2024-03-18T16:24:42Z,36.03349,-88.994671,FAC-007,yellow_zone,helipad,25.2
FL-0115,ENG-021,2024-05-22T06:30:45Z,31.926793,-94.603843,FAC-004,red_zone,flare_stack_area,79.2
FL-0116,ENG-017,2024-04-27T11:14:47Z,29.608948,-91.21178,FAC-006,exclusion_zone,transit,4.1
FL-0117,ENG-020,2024-02-18T01:25:22Z,27.705541,-103.756818,FAC-002,exclusion_zone,control_room,40.2
FL-0118,ENG-003,2024-03-11T10:51:40Z,46.003399,-91.994723,FAC-003,yellow_zone,office,2.2
FL-0119,ENG-013,2024-02-13T03:38:46Z,34.329912,-104.109951,FAC-002,yellow_zone,helipad,87.7
FL-0120,ENG-010,2024-04-24T08:07:58Z,44.069551,-97.186865,FAC-006,red_zone,helipad,33.3
FL-0121,ENG-004,2024-06-23T02:19:12Z,27.055192,-100.276065,FAC-007,yellow_zone,laydown_yard,96.9
FL-0122,ENG-022,2024-06-02T03:49:45Z,37.697007,-95.296894,FAC-007,exclusion_zone,flare_stack_area,16.2
FL-0123,ENG-001,2024-05-13T08:03:35Z,37.298439,-103.201157,FAC-003,yellow_zone,transit,68.5
FL-0124,ENG-009,2024-01-11T06:22:01Z,46.205716,-94.494517,FAC-006,yellow_zone,flare_stack_area,50.8
FL-0125,ENG-015,2024-02-05T13:19:44Z,35.65712,-99.627975,FAC-008,red_zone,office,114.4
FL-0126,ENG-017,2024-05-19T12:17:52Z,45.39053,-91.347581,FAC-005,green_zone,office,49.4
FL-0127,ENG-011,2024-06-13T03:07:48Z,27.983093,-104.569452,FAC-004,green_zone,separator_area,69.5
FL-0128,ENG-003,2024-05-24T08:32:21Z,32.288719,-89.267398,FAC-001,exclusion_zone,helipad,112.0
FL-0129,ENG-005,2024-04-03T03:21:31Z,36.951714,-93.667806,FAC-002,exclusion_zone,drilling_floor,74.3
FL-0130,ENG-024,2024-01-02T09:58:30Z,41.711522,-93.353349,FAC-006,yellow_zone,helipad,82.4
FL-0131,ENG-002,2024-04-27T22:33:57Z,35.870345,-102.966418,FAC-004,yellow_zone,control_room,44.7
FL-0132,ENG-005,2024-04-09T17:56:35Z,33.772414,-105.083682,FAC-008,exclusion_zone,separator_area,45.4
FL-0133,ENG-004,2024-03-06T15:00:04Z,46.108994,-101.504226,FAC-002,red_zone,office,58.5
FL-0134,ENG-009,2024-02-11T08:57:33Z,26.049155,-94.638824,FAC-007,yellow_zone,office,111.6
FL-0135,ENG-021,2024-04-10T02:32:21Z,44.166003,-105.362276,FAC-008,exclusion_zone,drilling_floor,43.3
FL-0136,ENG-020,2024-03-30T09:24:16Z,33.22814,-99.629931,FAC-001,red_zone,separator_area,48.8
FL-0137,ENG-001,2024-01-20T16:16:05Z,35.477684,-102.4442,FAC-003,exclusion_zone,control_room,109.7
FL-0138,ENG-001,2024-01-31T05:17:24Z,42.927847,-101.497574,FAC-008,exclusion_zone,laydown_yard,36.6
FL-0139,ENG-014,2024-06-22T05:55:21Z,30.008005,-91.392211,FAC-002,exclusion_zone,accommodation,20.3
FL-0140,ENG-012,2024-05-25T01:41:48Z,35.547123,-99.533739,FAC-004,green_zone,wellhead,34.9
FL-0141,ENG-005,2024-03-17T14:43:03Z,35.263227,-100.038157,FAC-001,yellow_zone,wellhead,113.9
FL-0142,ENG-022,2024-02-21T14:42:57Z,28.613431,-97.196779,FAC-008,yellow_zone,laydown_yard,90.4
FL-0143,ENG-025,2024-06-20T05:19:47Z,34.797273,-92.932098,FAC-007,yellow_zone,control_room,115.0
FL-0144,ENG-001,2024-01-25T11:46:42Z,29.421924,-96.999983,FAC-004,green_zone,laydown_yard,52.1
FL-0145,ENG-020,2024-05-23T04:40:48Z,26.176636,-97.356526,FAC-005,exclusion_zone,control_room,91.5
FL-0146,ENG-008,2024-04-29T22:17:09Z,29.354906,-96.797683,FAC-004,red_zone,control_room,103.8
FL-0147,ENG-023,2024-02-18T00:45:17Z,40.65927,-98.275139,FAC-008,green_zone,helipad,73.7
FL-0148,ENG-007,2024-06-14T23:59:30Z,39.006316,-94.579411,FAC-004,green_zone,separator_area,48.8
FL-0149,ENG-009,2024-02-07T07:36:41Z,46.440163,-98.326546,FAC-004,green_zone,drilling_floor,46.3
FL-0150,ENG-017,2024-02-29T12:08:29Z,41.403495,-88.357762,FAC-004,red_zone,transit,58.0
FL-0151,ENG-017,2024-03-23T22:18:13Z,40.165209,-100.52278,FAC-005,red_zone,office,113.2
FL-0152,ENG-023,2024-03-22T04:22:01Z,31.43331,-89.888088,FAC-003,green_zone,drilling_floor,7.2
FL-0153,ENG-024,2024-03-03T10:56:57Z,30.663506,-97.502953,FAC-002,exclusion_zone,separator_area,31.0
FL-0154,ENG-016,2024-03-11T14:24:41Z,33.354207,-103.992485,FAC-001,yellow_zone,laydown_yard,43.9
FL-0155,ENG-012,2024-05-24T06:18:50Z,43.133783,-96.480483,FAC-006,yellow_zone,office,26.0
FL-0156,ENG-013,2024-01-17T22:31:36Z,45.518264,-103.651263,FAC-002,green_zone,flare_stack_area,116.2
FL-0157,ENG-021,2024-06-07T17:24:09Z,30.189539,-93.316119,FAC-002,green_zone,helipad,74.7
FL-0158,ENG-010,2024-05-20T20:22:44Z,36.432367,-92.302216,FAC-003,green_zone,separator_area,23.8
FL-0159,ENG-018,2024-05-18T04:18:39Z,31.555561,-90.212644,FAC-006,red_zone,accommodation,76.0
FL-0160,ENG-004,2024-06-25T20:51:53Z,35.594767,-97.309229,FAC-001,yellow_zone,flare_stack_area,33.6
FL-0161,ENG-005,2024-02-26T05:53:47Z,26.999795,-95.808854,FAC-004,exclusion_zone,accommodation,82.5
FL-0162,ENG-017,2024-01-15T13:27:28Z,29.641401,-92.4869,FAC-007,exclusion_zone,transit,73.3
FL-0163,ENG-007,2024-02-05T17:48:40Z,26.079212,-95.705836,FAC-001,exclusion_zone,helipad,85.2
FL-0164,ENG-017,2024-02-20T06:15:24Z,32.675024,-102.033946,FAC-005,green_zone,separator_area,27.6
FL-0165,ENG-018,2024-02-16T06:10:14Z,32.420552,-94.486924,FAC-005,yellow_zone,office,104.9
FL-0166,ENG-002,2024-05-04T17:51:43Z,47.560521,-88.188347,FAC-004,green_zone,drilling_floor,78.2
FL-0167,ENG-021,2024-04-27T12:14:52Z,47.38881,-100.157886,FAC-005,yellow_zone,transit,107.9
FL-0168,ENG-010,2024-03-04T00:54:33Z,47.675748,-94.732805,FAC-001,red_zone,wellhead,87.9
FL-0169,ENG-009,2024-02-04T07:38:45Z,31.631719,-105.718507,FAC-002,exclusion_zone,office,104.5
FL-0170,ENG-021,2024-04-27T08:26:11Z,38.119312,-91.296753,FAC-004,red_zone,office,25.3
FL-0171,ENG-021,2024-06-05T20:18:30Z,44.880869,-98.881659,FAC-008,yellow_zone,transit,44.9
FL-0172,ENG-016,2024-01-19T04:37:55Z,36.911146,-97.730978,FAC-003,yellow_zone,flare_stack_area,59.4
FL-0173,ENG-024,2024-02-05T00:45:21Z,40.246414,-105.621149,FAC-003,yellow_zone,transit,82.8
FL-0174,ENG-007,2024-01-14T11:40:46Z,29.157492,-98.324889,FAC-008,exclusion_zone,control_room,87.2
FL-0175,ENG-005,2024-05-21T02:58:07Z,42.509772,-105.787806,FAC-002,exclusion_zone,transit,3.5
FL-0176,ENG-001,2024-05-28T05:54:54Z,44.271377,-89.175801,FAC-003,yellow_zone,control_room,32.9
FL-0177,ENG-021,2024-04-26T10:30:42Z,26.296932,-88.605506,FAC-002,red_zone,control_room,25.1
FL-0178,ENG-016,2024-05-27T12:19:37Z,38.382727,-98.002128,FAC-003,red_zone,laydown_yard,58.0
FL-0179,ENG-008,2024-01-11T20:23:55Z,37.957582,-101.18578,FAC-002,green_zone,drilling_floor,13.2
FL-0180,ENG-010,2024-01-20T21:59:33Z,37.253933,-90.943299,FAC-003,green_zone,wellhead,3.9
FL-0181,ENG-014,2024-03-15T20:00:54Z,29.242283,-94.203437,FAC-004,exclusion_zone,control_room,59.5
FL-0182,ENG-004,2024-02-13T14:21:01Z,28.238198,-88.794717,FAC-006,green_zone,flare_stack_area,40.7
FL-0183,ENG-012,2024-06-28T06:58:52Z,46.343449,-104.473522,FAC-001,yellow_zone,separator_area,52.0
FL-0184,ENG-011,2024-04-26T10:23:31Z,29.990041,-98.345598,FAC-005,red_zone,laydown_yard,105.2
FL-0185,ENG-009,2024-06-26T21:57:41Z,36.983517,-99.355975,FAC-005,green_zone,drilling_floor,103.5
FL-0186,ENG-005,2024-05-31T00:44:10Z,40.428791,-100.235392,FAC-007,exclusion_zone,accommodation,97.9
FL-0187,ENG-004,2024-04-22T04:56:34Z,35.40397,-92.919261,FAC-003,green_zone,laydown_yard,119.4
FL-0188,ENG-006,2024-05-29T00:58:27Z,34.470383,-100.252316,FAC-007,exclusion_zone,transit,72.6
FL-0189,ENG-021,2024-03-05T18:03:36Z,29.040868,-89.007455,FAC-004,exclusion_zone,transit,66.4
FL-0190,ENG-018,2024-04-13T15:33:05Z,36.837231,-96.348174,FAC-004,exclusion_zone,control_room,70.1
FL-0191,ENG-014,2024-04-12T07:44:45Z,38.713282,-93.517019,FAC-004,green_zone,wellhead,44.0
FL-0192,ENG-007,2024-06-14T04:03:37Z,26.377402,-95.94926,FAC-003,green_zone,drilling_floor,109.5
FL-0193,ENG-012,2024-06-13T19:28:07Z,44.685241,-91.984356,FAC-003,red_zone,accommodation,18.2
FL-0194,ENG-018,2024-06-29T20:22:01Z,46.084986,-101.635047,FAC-004,green_zone,separator_area,15.0
FL-0195,ENG-023,2024-05-16T16:42:16Z,29.147685,-92.804533,FAC-007,red_zone,drilling_floor,84.5
FL-0196,ENG-022,2024-04-22T22:29:07Z,27.622947,-90.92613,FAC-003,green_zone,separator_area,44.5
FL-0197,ENG-003,2024-02-17T13:59:46Z,27.695437,-95.754703,FAC-007,yellow_zone,separator_area,56.9
FL-0198,ENG-005,2024-05-25T06:25:54Z,37.603901,-88.922216,FAC-008,exclusion_zone,laydown_yard,53.8
FL-0199,ENG-021,2024-05-15T00:05:09Z,26.290607,-103.9972,FAC-001,green_zone,flare_stack_area,90.4
FL-0200,ENG-017,2024-02-01T03:16:46Z,26.239087,-91.011758,FAC-008,red_zone,flare_stack_area,60.7
FL-0201,ENG-023,2024-02-14T03:21:50Z,35.320746,-103.177589,FAC-002,exclusion_zone,separator_area,89.4
FL-0202,ENG-013,2024-04-30T04:57:10Z,27.23193,-98.938763,FAC-002,exclusion_zone,accommodation,38.3
FL-0203,ENG-021,2024-03-19T15:54:08Z,44.199581,-103.033162,FAC-006,exclusion_zone,wellhead,33.1
FL-0204,ENG-004,2024-01-16T02:36:51Z,33.979436,-91.981649,FAC-006,green_zone,wellhead,34.6
FL-0205,ENG-018,2024-01-21T16:09:38Z,27.437022,-95.252006,FAC-005,yellow_zone,helipad,25.0
FL-0206,ENG-002,2024-02-16T16:02:34Z,31.921696,-88.420063,FAC-001,exclusion_zone,drilling_floor,6.7
FL-0207,ENG-003,2024-02-29T22:12:10Z,26.186532,-99.580315,FAC-005,exclusion_zone,helipad,24.2
FL-0208,ENG-025,2024-03-16T20:31:13Z,41.965139,-88.470687,FAC-002,red_zone,transit,107.7
FL-0209,ENG-017,2024-01-20T14:42:27Z,37.047897,-92.048917,FAC-001,exclusion_zone,accommodation,70.8
FL-0210,ENG-002,2024-02-26T08:03:15Z,29.546906,-93.717268,FAC-002,green_zone,wellhead,106.2
FL-0211,ENG-022,2024-05-07T00:53:12Z,29.098978,-93.066018,FAC-006,exclusion_zone,separator_area,41.3
FL-0212,ENG-012,2024-05-01T01:35:03Z,44.830956,-98.243774,FAC-007,yellow_zone,wellhead,119.6
FL-0213,ENG-020,2024-01-15T13:31:02Z,47.076344,-95.795784,FAC-008,green_zone,drilling_floor,18.0
FL-0214,ENG-010,2024-04-16T05:50:19Z,45.085741,-91.647105,FAC-002,exclusion_zone,control_room,55.1
FL-0215,ENG-006,2024-02-27T09:38:02Z,29.552395,-100.957888,FAC-006,red_zone,control_room,9.5
FL-0216,ENG-023,2024-05-29T21:30:12Z,36.136305,-88.24942,FAC-005,exclusion_zone,separator_area,112.8
FL-0217,ENG-019,2024-04-04T19:27:06Z,26.871038,-90.537941,FAC-007,exclusion_zone,flare_stack_area,110.1
FL-0218,ENG-005,2024-03-26T14:24:21Z,34.06811,-90.792958,FAC-006,red_zone,control_room,82.2
FL-0219,ENG-017,2024-03-28T09:34:55Z,31.782204,-90.240344,FAC-001,green_zone,wellhead,84.3
FL-0220,ENG-018,2024-01-02T13:01:00Z,29.400369,-104.104636,FAC-007,yellow_zone,flare_stack_area,48.5
FL-0221,ENG-003,2024-02-13T07:29:39Z,34.540906,-97.678986,FAC-002,red_zone,accommodation,56.8
FL-0222,ENG-018,2024-06-23T18:53:36Z,44.002374,-104.035857,FAC-003,green_zone,transit,92.4
FL-0223,ENG-007,2024-03-18T23:13:15Z,33.231854,-100.288872,FAC-008,yellow_zone,accommodation,14.6
FL-0224,ENG-015,2024-01-08T10:24:31Z,37.991787,-88.926394,FAC-003,yellow_zone,laydown_yard,68.6
FL-0225,ENG-020,2024-05-30T08:03:33Z,34.366266,-89.143726,FAC-006,exclusion_zone,accommodation,26.4
FL-0226,ENG-007,2024-06-17T13:16:09Z,26.50474,-92.344905,FAC-007,red_zone,office,76.6
FL-0227,ENG-003,2024-01-28T12:32:47Z,27.523699,-98.708767,FAC-005,exclusion_zone,transit,63.4
FL-0228,ENG-022,2024-06-22T10:01:25Z,31.707839,-91.050116,FAC-002,exclusion_zone,laydown_yard,115.6
FL-0229,ENG-010,2024-02-01T22:46:50Z,30.369317,-89.04505,FAC-008,exclusion_zone,helipad,83.0
FL-0230,ENG-006,2024-05-15T06:48:40Z,35.609248,-89.573239,FAC-007,green_zone,helipad,94.2
FL-0231,ENG-020,2024-02-08T13:21:23Z,27.711792,-93.976675,FAC-003,red_zone,laydown_yard,2.7
FL-0232,ENG-015,2024-01-29T15:20:14Z,36.987805,-100.304659,FAC-007,red_zone,helipad,87.0
FL-0233,ENG-015,2024-06-10T15:46:53Z,44.859875,-94.582725,FAC-002,green_zone,wellhead,89.7
FL-0234,ENG-007,2024-03-22T14:09:45Z,41.321814,-92.061081,FAC-007,yellow_zone,laydown_yard,26.0
FL-0235,ENG-007,2024-05-11T23:17:49Z,38.690401,-105.741322,FAC-006,green_zone,office,107.7
FL-0236,ENG-017,2024-06-08T01:03:24Z,45.090679,-93.412291,FAC-008,exclusion_zone,transit,42.9
FL-0237,ENG-018,2024-03-23T16:36:03Z,37.509736,-92.228539,FAC-002,yellow_zone,accommodation,52.0
FL-0238,ENG-006,2024-04-17T08:01:06Z,39.08762,-96.230268,FAC-007,red_zone,transit,76.5
FL-0239,ENG-023,2024-04-30T11:09:50Z,46.633834,-89.69411,FAC-002,green_zone,control_room,11.7
FL-0240,ENG-001,2024-04-29T15:58:53Z,46.514929,-104.133845,FAC-002,exclusion_zone,helipad,70.2
FL-0241,ENG-002,2024-05-09T15:45:17Z,32.377898,-98.428465,FAC-004,exclusion_zone,helipad,46.3
FL-0242,ENG-007,2024-06-15T06:50:45Z,36.330633,-103.76007,FAC-008,exclusion_zone,transit,1.9
FL-0243,ENG-012,2024-05-31T21:17:52Z,30.926605,-100.89512,FAC-005,red_zone,transit,81.1
FL-0244,ENG-001,2024-06-23T19:10:35Z,45.999299,-105.411857,FAC-001,yellow_zone,laydown_yard,101.1
FL-0245,ENG-017,2024-06-08T05:38:14Z,42.307399,-100.285523,FAC-003,exclusion_zone,wellhead,67.1
FL-0246,ENG-013,2024-02-07T09:51:45Z,39.557894,-98.920281,FAC-001,exclusion_zone,separator_area,112.8
FL-0247,ENG-013,2024-05-21T09:15:04Z,29.82178,-89.724915,FAC-003,exclusion_zone,wellhead,12.8
FL-0248,ENG-005,2024-04-07T22:00:29Z,28.6042,-95.615193,FAC-007,red_zone,helipad,19.9
FL-0249,ENG-011,2024-02-09T13:36:08Z,28.051597,-105.538476,FAC-001,yellow_zone,drilling_floor,74.6
FL-0250,ENG-018,2024-06-27T18:16:50Z,47.392797,-95.707711,FAC-001,yellow_zone,accommodation,76.5
FL-0251,ENG-025,2024-03-10T12:57:59Z,30.104214,-94.254591,FAC-004,red_zone,wellhead,64.7
FL-0252,ENG-008,2024-05-21T00:51:43Z,43.160637,-91.851132,FAC-005,green_zone,office,10.9
FL-0253,ENG-005,2024-05-01T20:04:23Z,26.509098,-88.273639,FAC-002,green_zone,accommodation,111.3
FL-0254,ENG-004,2024-01-21T19:00:48Z,29.120378,-101.284096,FAC-003,green_zone,control_room,59.8
FL-0255,ENG-012,2024-06-26T05:34:45Z,44.442949,-98.965596,FAC-008,green_zone,transit,9.8
FL-0256,ENG-021,2024-01-15T19:38:34Z,30.626511,-98.441672,FAC-006,exclusion_zone,separator_area,22.4
FL-0257,ENG-001,2024-06-24T11:15:32Z,29.930896,-95.788711,FAC-001,green_zone,laydown_yard,119.3
FL-0258,ENG-016,2024-04-29T05:28:14Z,39.199843,-105.909738,FAC-005,green_zone,wellhead,73.1
FL-0259,ENG-018,2024-01-05T11:21:56Z,37.395888,-92.302702,FAC-004,red_zone,control_room,107.9
FL-0260,ENG-001,2024-03-04T14:26:44Z,29.04843,-104.49803,FAC-003,red_zone,office,58.3
FL-0261,ENG-003,2024-03-08T16:22:35Z,41.577839,-94.265358,FAC-008,exclusion_zone,transit,62.0
FL-0262,ENG-013,2024-06-28T02:27:13Z,30.247193,-102.886729,FAC-005,exclusion_zone,control_room,70.5
FL-0263,ENG-025,2024-04-24T02:18:57Z,32.854873,-91.706209,FAC-008,exclusion_zone,accommodation,51.4
FL-0264,ENG-024,2024-02-22T18:05:32Z,43.949628,-94.787603,FAC-007,exclusion_zone,wellhead,68.5
FL-0265,ENG-012,2024-06-23T08:29:32Z,39.919366,-104.843207,FAC-003,green_zone,helipad,31.1
FL-0266,ENG-014,2024-02-26T23:41:09Z,39.285406,-90.209462,FAC-006,exclusion_zone,drilling_floor,14.6
FL-0267,ENG-011,2024-03-24T09:05:15Z,43.39972,-99.560599,FAC-002,yellow_zone,laydown_yard,45.3
FL-0268,ENG-025,2024-03-02T01:27:24Z,28.690679,-100.265395,FAC-001,red_zone,wellhead,56.4
FL-0269,ENG-011,2024-06-23T12:27:01Z,31.118272,-104.807767,FAC-005,yellow_zone,helipad,26.9
FL-0270,ENG-018,2024-02-23T23:47:59Z,41.757844,-88.967121,FAC-002,exclusion_zone,transit,38.8
FL-0271,ENG-011,2024-02-08T11:26:52Z,30.336712,-91.550947,FAC-008,green_zone,office,51.1
FL-0272,ENG-004,2024-03-28T22:07:53Z,29.765074,-100.116254,FAC-007,yellow_zone,flare_stack_area,3.5
FL-0273,ENG-001,2024-05-04T23:42:13Z,43.232724,-95.636343,FAC-001,exclusion_zone,office,16.6
FL-0274,ENG-013,2024-01-08T04:28:14Z,45.70825,-89.475379,FAC-001,red_zone,drilling_floor,9.3
FL-0275,ENG-004,2024-06-10T03:22:56Z,43.655292,-92.981434,FAC-005,red_zone,laydown_yard,48.6
FL-0276,ENG-018,2024-05-30T09:57:36Z,32.889843,-94.978228,FAC-007,red_zone,accommodation,59.7
FL-0277,ENG-021,2024-06-25T19:06:22Z,28.671085,-99.269691,FAC-002,green_zone,wellhead,6.7
FL-0278,ENG-001,2024-01-27T22:32:57Z,28.312985,-100.188537,FAC-007,yellow_zone,separator_area,11.5
FL-0279,ENG-024,2024-06-24T04:54:47Z,43.870204,-91.309343,FAC-001,green_zone,office,106.1
FL-0280,ENG-002,2024-01-22T12:22:55Z,27.056075,-100.522778,FAC-005,red_zone,flare_stack_area,95.2
FL-0281,ENG-013,2024-02-22T09:52:52Z,41.370626,-89.352549,FAC-008,green_zone,separator_area,39.0
FL-0282,ENG-005,2024-05-26T05:23:47Z,38.850867,-90.697233,FAC-007,exclusion_zone,control_room,63.1
FL-0283,ENG-008,2024-04-22T05:08:16Z,36.51439,-97.178131,FAC-005,red_zone,accommodation,27.9
FL-0284,ENG-009,2024-05-28T18:45:36Z,32.517152,-104.509703,FAC-004,yellow_zone,control_room,9.9
FL-0285,ENG-016,2024-01-12T16:51:51Z,30.67446,-93.931019,FAC-008,exclusion_zone,wellhead,59.0
FL-0286,ENG-011,2024-02-10T12:25:58Z,43.907899,-92.291154,FAC-006,red_zone,accommodation,79.0
FL-0287,ENG-017,2024-01-21T12:24:48Z,46.110756,-102.061873,FAC-006,exclusion_zone,accommodation,104.3
FL-0288,ENG-017,2024-02-09T10:08:42Z,43.160463,-102.616837,FAC-005,exclusion_zone,separator_area,82.7
FL-0289,ENG-019,2024-05-05T21:41:01Z,28.245416,-97.702826,FAC-002,green_zone,wellhead,3.0
FL-0290,ENG-015,2024-02-06T07:37:18Z,31.868647,-97.427672,FAC-008,red_zone,office,15.1
FL-0291,ENG-018,2024-01-17T07:46:46Z,33.79739,-102.182812,FAC-007,exclusion_zone,helipad,40.7
FL-0292,ENG-015,2024-02-22T22:21:22Z,34.135175,-105.115581,FAC-007,exclusion_zone,wellhead,36.0
FL-0293,ENG-013,2024-02-04T07:13:33Z,39.069082,-96.46787,FAC-008,exclusion_zone,control_room,82.1
FL-0294,ENG-021,2024-02-18T08:09:51Z,47.097378,-102.047564,FAC-001,green_zone,flare_stack_area,32.7
FL-0295,ENG-003,2024-04-13T07:54:48Z,28.222704,-101.92363,FAC-007,exclusion_zone,transit,13.1
FL-0296,ENG-024,2024-06-09T00:26:17Z,45.349609,-101.171195,FAC-004,yellow_zone,wellhead,42.4
FL-0297,ENG-010,2024-05-17T01:30:54Z,39.118895,-92.790119,FAC-002,yellow_zone,helipad,109.0
FL-0298,ENG-020,2024-04-02T13:51:17Z,42.259997,-90.653849,FAC-004,yellow_zone,laydown_yard,82.1
FL-0299,ENG-006,2024-02-06T09:05:17Z,33.307417,-97.806106,FAC-001,exclusion_zone,transit,40.8
FL-0300,ENG-006,2024-02-21T05:32:49Z,45.387666,-102.926948,FAC-001,red_zone,accommodation,70.4
FL-0301,ENG-016,2024-06-18T13:29:36Z,31.445229,-104.031052,FAC-001,red_zone,wellhead,63.5
FL-0302,ENG-006,2024-05-26T14:31:11Z,29.224825,-104.309618,FAC-005,red_zone,accommodation,59.4
FL-0303,ENG-012,2024-04-15T23:12:59Z,31.661469,-97.24312,FAC-006,exclusion_zone,drilling_floor,99.5
FL-0304,ENG-010,2024-05-17T21:34:19Z,33.342255,-96.679041,FAC-008,green_zone,office,82.6
FL-0305,ENG-024,2024-05-04T05:41:08Z,26.456,-88.384526,FAC-004,yellow_zone,laydown_yard,60.2
FL-0306,ENG-008,2024-04-22T03:44:14Z,42.302273,-88.480769,FAC-006,yellow_zone,control_room,24.1
FL-0307,ENG-013,2024-05-04T00:42:54Z,28.374496,-101.06937,FAC-008,yellow_zone,office,109.3
FL-0308,ENG-012,2024-06-21T10:21:22Z,33.286305,-95.395339,FAC-005,red_zone,wellhead,5.9
FL-0309,ENG-017,2024-05-16T06:47:28Z,33.552038,-94.977386,FAC-007,exclusion_zone,flare_stack_area,116.2
FL-0310,ENG-012,2024-02-26T00:04:52Z,28.424193,-105.849972,FAC-003,exclusion_zone,separator_area,63.3
FL-0311,ENG-010,2024-05-01T03:05:45Z,38.279099,-103.073077,FAC-008,red_zone,control_room,96.2
FL-0312,ENG-001,2024-03-29T03:07:56Z,26.900968,-100.905689,FAC-002,green_zone,accommodation,37.4
FL-0313,ENG-014,2024-03-09T09:37:46Z,40.525573,-105.988449,FAC-005,yellow_zone,laydown_yard,105.6
FL-0314,ENG-017,2024-05-09T04:38:37Z,47.087534,-95.906516,FAC-002,red_zone,separator_area,119.5
FL-0315,ENG-007,2024-03-24T21:30:09Z,38.874946,-104.547077,FAC-004,green_zone,accommodation,112.0
FL-0316,ENG-008,2024-06-06T14:50:18Z,40.927006,-99.047665,FAC-007,green_zone,office,110.5
FL-0317,ENG-020,2024-03-01T08:08:01Z,29.812643,-98.155307,FAC-006,yellow_zone,wellhead,30.8
FL-0318,ENG-014,2024-04-17T15:08:58Z,30.38951,-100.51007,FAC-005,exclusion_zone,helipad,22.8
FL-0319,ENG-014,2024-01-19T15:35:22Z,29.049417,-98.045776,FAC-006,red_zone,accommodation,43.1
FL-0320,ENG-015,2024-03-22T15:41:54Z,47.151832,-97.696888,FAC-001,exclusion_zone,control_room,90.9
FL-0321,ENG-020,2024-06-25T02:13:17Z,32.65258,-101.632378,FAC-006,yellow_zone,flare_stack_area,65.6
FL-0322,ENG-019,2024-06-19T10:52:08Z,32.45355,-92.403967,FAC-007,yellow_zone,transit,80.7
FL-0323,ENG-015,2024-06-05T19:08:03Z,42.785901,-96.675851,FAC-001,green_zone,drilling_floor,33.2
FL-0324,ENG-021,2024-01-21T18:53:02Z,33.336636,-104.246817,FAC-005,exclusion_zone,laydown_yard,103.9
FL-0325,ENG-004,2024-05-23T18:51:14Z,38.861585,-96.805224,FAC-001,yellow_zone,helipad,18.2
FL-0326,ENG-024,2024-04-06T04:17:13Z,29.000861,-89.889058,FAC-003,red_zone,office,86.6
FL-0327,ENG-001,2024-06-05T10:26:47Z,36.669013,-93.620055,FAC-002,green_zone,drilling_floor,19.2
FL-0328,ENG-004,2024-04-10T22:32:55Z,28.131,-102.322714,FAC-008,green_zone,helipad,53.8
FL-0329,ENG-002,2024-06-28T19:40:47Z,28.679851,-98.717968,FAC-003,yellow_zone,helipad,32.0
FL-0330,ENG-020,2024-05-12T07:11:00Z,35.660857,-94.153132,FAC-002,exclusion_zone,separator_area,76.7
FL-0331,ENG-006,2024-01-28T12:18:19Z,44.008102,-94.165623,FAC-003,yellow_zone,accommodation,58.2
FL-0332,ENG-010,2024-05-09T14:56:27Z,28.200433,-95.402252,FAC-006,red_zone,transit,46.9
FL-0333,ENG-004,2024-03-31T02:13:39Z,35.171722,-98.353007,FAC-001,red_zone,accommodation,15.3
FL-0334,ENG-013,2024-01-03T03:21:18Z,38.771838,-105.386496,FAC-008,green_zone,laydown_yard,115.6
FL-0335,ENG-015,2024-06-20T08:23:41Z,41.907436,-101.015727,FAC-003,red_zone,helipad,102.8
FL-0336,ENG-017,2024-02-10T22:18:23Z,33.67435,-93.287957,FAC-007,green_zone,separator_area,79.1
FL-0337,ENG-012,2024-05-07T08:52:16Z,41.8226,-99.892761,FAC-003,red_zone,office,110.9
FL-0338,ENG-003,2024-06-26T21:36:54Z,44.465161,-97.292596,FAC-008,yellow_zone,flare_stack_area,85.3
FL-0339,ENG-017,2024-05-30T13:36:59Z,40.495912,-101.333932,FAC-006,red_zone,flare_stack_area,74.5
FL-0340,ENG-013,2024-01-14T02:53:56Z,26.988441,-90.663439,FAC-003,yellow_zone,control_room,80.2
FL-0341,ENG-016,2024-05-11T21:52:16Z,36.481086,-92.321633,FAC-004,green_zone,separator_area,87.7
FL-0342,ENG-013,2024-05-26T18:20:52Z,47.413034,-89.397236,FAC-001,red_zone,control_room,5.5
FL-0343,ENG-024,2024-01-15T03:39:11Z,35.713626,-99.262202,FAC-001,yellow_zone,laydown_yard,13.8
FL-0344,ENG-015,2024-03-14T07:52:42Z,28.930766,-94.526876,FAC-004,yellow_zone,office,59.4
FL-0345,ENG-022,2024-02-25T13:16:22Z,30.960924,-92.64123,FAC-007,yellow_zone,control_room,70.3
FL-0346,ENG-021,2024-05-09T20:10:23Z,28.116535,-105.401695,FAC-003,green_zone,laydown_yard,93.2
FL-0347,ENG-019,2024-04-16T03:15:04Z,45.018805,-99.867196,FAC-008,yellow_zone,wellhead,68.9
FL-0348,ENG-016,2024-04-07T06:07:53Z,33.746333,-94.86738,FAC-003,green_zone,accommodation,51.9
FL-0349,ENG-013,2024-06-18T17:01:39Z,27.559088,-104.593411,FAC-005,green_zone,control_room,60.3
FL-0350,ENG-002,2024-04-26T19:08:40Z,37.891837,-105.594235,FAC-005,red_zone,transit,84.7
FL-0351,ENG-003,2024-06-18T09:52:36Z,45.172413,-88.573933,FAC-002,yellow_zone,helipad,111.9
FL-0352,ENG-017,2024-03-01T15:08:26Z,34.782833,-104.980332,FAC-002,exclusion_zone,office,78.7
FL-0353,ENG-002,2024-03-06T15:24:18Z,35.270925,-102.390797,FAC-001,yellow_zone,wellhead,66.1
FL-0354,ENG-024,2024-03-05T00:05:24Z,46.331834,-94.05995,FAC-001,yellow_zone,accommodation,9.7
FL-0355,ENG-019,2024-06-24T14:27:16Z,39.420038,-90.969938,FAC-001,red_zone,control_room,114.0
FL-0356,ENG-020,2024-05-23T13:20:17Z,39.473518,-104.549317,FAC-008,yellow_zone,office,87.1
FL-0357,ENG-004,2024-01-07T21:54:30Z,36.925128,-101.945589,FAC-006,exclusion_zone,accommodation,37.1
FL-0358,ENG-008,2024-01-05T03:55:58Z,46.487424,-105.525631,FAC-004,exclusion_zone,drilling_floor,66.7
FL-0359,ENG-002,2024-03-16T04:07:56Z,42.844993,-93.48207,FAC-007,exclusion_zone,helipad,17.4
FL-0360,ENG-015,2024-01-23T21:53:06Z,45.737228,-88.314378,FAC-006,red_zone,wellhead,41.8
FL-0361,ENG-002,2024-02-16T05:57:13Z,31.104735,-95.404885,FAC-004,exclusion_zone,helipad,68.6
FL-0362,ENG-001,2024-06-18T13:40:01Z,41.836191,-91.372806,FAC-002,green_zone,separator_area,53.2
FL-0363,ENG-010,2024-01-09T11:44:50Z,32.910769,-95.156512,FAC-004,red_zone,separator_area,73.1
FL-0364,ENG-016,2024-05-07T16:33:29Z,28.69228,-104.617531,FAC-005,yellow_zone,accommodation,84.9
FL-0365,ENG-012,2024-06-23T07:18:23Z,46.132219,-102.034829,FAC-005,red_zone,helipad,35.8
FL-0366,ENG-021,2024-02-17T10:04:53Z,37.590572,-101.184366,FAC-002,green_zone,laydown_yard,108.2
FL-0367,ENG-023,2024-04-30T18:07:57Z,36.696569,-104.587971,FAC-003,yellow_zone,office,89.3
FL-0368,ENG-007,2024-01-24T20:02:50Z,34.19258,-91.305165,FAC-003,green_zone,wellhead,84.1
FL-0369,ENG-021,2024-05-28T09:23:33Z,35.982786,-103.943705,FAC-008,green_zone,office,34.1
FL-0370,ENG-013,2024-02-28T08:01:31Z,44.197935,-104.479121,FAC-005,exclusion_zone,accommodation,3.2
FL-0371,ENG-013,2024-03-15T16:39:38Z,35.768434,-101.959928,FAC-007,yellow_zone,transit,64.4
FL-0372,ENG-022,2024-02-29T06:05:35Z,26.688734,-92.266066,FAC-001,red_zone,office,97.4
FL-0373,ENG-019,2024-02-12T01:10:07Z,42.659549,-99.863001,FAC-007,exclusion_zone,drilling_floor,97.1
FL-0374,ENG-018,2024-03-16T08:43:34Z,46.954419,-89.215491,FAC-005,exclusion_zone,transit,69.1
FL-0375,ENG-019,2024-05-29T07:51:26Z,37.416083,-103.07412,FAC-007,exclusion_zone,wellhead,16.7
FL-0376,ENG-001,2024-02-24T12:09:26Z,43.590956,-88.88259,FAC-002,yellow_zone,helipad,36.2
FL-0377,ENG-019,2024-03-17T14:58:29Z,26.849337,-101.063142,FAC-005,red_zone,flare_stack_area,2.5
FL-0378,ENG-010,2024-04-20T09:07:38Z,40.537082,-90.952004,FAC-003,exclusion_zone,accommodation,3.1
FL-0379,ENG-001,2024-03-31T13:45:56Z,26.814083,-99.542974,FAC-004,exclusion_zone,drilling_floor,70.0
FL-0380,ENG-003,2024-02-23T16:19:48Z,45.734974,-96.073938,FAC-002,exclusion_zone,separator_area,31.7
FL-0381,ENG-009,2024-02-20T09:32:52Z,45.119218,-103.709995,FAC-003,yellow_zone,flare_stack_area,79.1
FL-0382,ENG-008,2024-01-23T05:21:34Z,40.401218,-102.683401,FAC-008,red_zone,drilling_floor,66.9
FL-0383,ENG-008,2024-01-12T19:24:30Z,46.937483,-88.14452,FAC-005,green_zone,laydown_yard,65.3
FL-0384,ENG-002,2024-04-26T14:54:00Z,31.163331,-104.035057,FAC-008,green_zone,helipad,10.2
FL-0385,ENG-007,2024-03-04T06:17:13Z,38.54805,-91.075519,FAC-007,green_zone,transit,105.2
FL-0386,ENG-005,2024-01-05T19:05:06Z,33.183892,-91.81304,FAC-006,exclusion_zone,laydown_yard,57.0
FL-0387,ENG-010,2024-04-30T18:20:25Z,26.685463,-99.370566,FAC-005,yellow_zone,flare_stack_area,4.0
FL-0388,ENG-020,2024-02-11T01:33:59Z,43.776753,-96.805669,FAC-006,yellow_zone,transit,99.9
FL-0389,ENG-002,2024-05-07T14:07:06Z,41.977715,-99.140386,FAC-002,green_zone,wellhead,68.3
FL-0390,ENG-019,2024-05-02T09:31:28Z,38.061127,-98.474558,FAC-002,green_zone,flare_stack_area,57.2
FL-0391,ENG-017,2024-04-11T00:56:29Z,35.702383,-101.154711,FAC-005,yellow_zone,laydown_yard,29.9
FL-0392,ENG-025,2024-03-11T06:52:44Z,31.079595,-100.333305,FAC-002,yellow_zone,accommodation,88.2
FL-0393,ENG-014,2024-03-11T06:29:18Z,27.753182,-95.911772,FAC-002,red_zone,accommodation,73.0
FL-0394,ENG-015,2024-06-01T16:26:34Z,35.214705,-95.751839,FAC-003,yellow_zone,transit,81.2
FL-0395,ENG-022,2024-01-27T19:46:47Z,39.322005,-91.674593,FAC-006,red_zone,control_room,10.7
FL-0396,ENG-014,2024-04-08T01:35:29Z,47.631451,-95.631788,FAC-004,yellow_zone,accommodation,2.8
FL-0397,ENG-004,2024-03-22T06:56:12Z,31.794275,-96.017582,FAC-008,green_zone,separator_area,104.5
FL-0398,ENG-014,2024-01-05T15:31:43Z,41.181024,-88.181197,FAC-003,exclusion_zone,transit,43.2
FL-0399,ENG-013,2024-05-15T07:55:23Z,38.252697,-93.184297,FAC-002,red_zone,laydown_yard,71.4
FL-0400,ENG-020,2024-01-21T22:15:10Z,47.87095,-105.185721,FAC-006,exclusion_zone,transit,76.1
FL-0401,ENG-024,2024-06-11T02:28:18Z,35.585183,-92.362119,FAC-003,yellow_zone,flare_stack_area,110.0
FL-0402,ENG-017,2024-01-17T06:29:14Z,29.349641,-105.859893,FAC-006,exclusion_zone,transit,39.1
FL-0403,ENG-006,2024-04-08T18:33:39Z,41.89573,-100.972607,FAC-002,yellow_zone,office,59.7
FL-0404,ENG-002,2024-04-19T13:02:33Z,37.388908,-96.546514,FAC-007,red_zone,laydown_yard,46.7
FL-0405,ENG-025,2024-02-04T15:28:40Z,46.977301,-105.24518,FAC-004,exclusion_zone,helipad,34.1
FL-0406,ENG-020,2024-03-02T01:03:29Z,28.188264,-100.873763,FAC-002,red_zone,office,58.9
FL-0407,ENG-008,2024-06-20T22:01:34Z,29.725057,-89.094312,FAC-005,green_zone,wellhead,80.3
FL-0408,ENG-005,2024-01-19T15:16:50Z,30.550548,-90.90178,FAC-003,green_zone,flare_stack_area,108.4
FL-0409,ENG-018,2024-04-14T10:52:11Z,43.577824,-105.880028,FAC-001,red_zone,wellhead,34.5
FL-0410,ENG-019,2024-03-23T19:38:45Z,42.105967,-96.62391,FAC-008,red_zone,control_room,86.2
FL-0411,ENG-004,2024-03-27T07:04:39Z,45.555355,-97.1214,FAC-002,yellow_zone,office,88.1
FL-0412,ENG-004,2024-03-09T16:27:36Z,43.680104,-92.603004,FAC-004,green_zone,laydown_yard,19.7
FL-0413,ENG-011,2024-02-23T14:45:24Z,35.976209,-92.760609,FAC-002,red_zone,drilling_floor,52.6
FL-0414,ENG-023,2024-06-03T05:13:41Z,37.46853,-102.572824,FAC-001,green_zone,wellhead,17.3
FL-0415,ENG-013,2024-06-18T08:20:58Z,46.749572,-93.879743,FAC-005,exclusion_zone,separator_area,58.7
FL-0416,ENG-006,2024-05-22T10:38:26Z,36.927981,-103.627745,FAC-002,yellow_zone,drilling_floor,52.7
FL-0417,ENG-016,2024-04-18T07:14:36Z,39.446778,-93.220171,FAC-001,exclusion_zone,office,74.0
FL-0418,ENG-021,2024-04-23T09:09:58Z,31.163747,-99.723332,FAC-003,red_zone,wellhead,105.1
FL-0419,ENG-022,2024-04-04T04:32:35Z,36.784883,-94.659505,FAC-006,exclusion_zone,office,12.5
FL-0420,ENG-004,2024-06-20T01:16:08Z,45.730005,-92.249141,FAC-007,exclusion_zone,laydown_yard,30.4
FL-0421,ENG-014,2024-01-23T11:45:23Z,29.876278,-88.786321,FAC-002,red_zone,transit,84.9
FL-0422,ENG-025,2024-06-20T07:13:00Z,36.642252,-91.515016,FAC-008,exclusion_zone,wellhead,4.4
FL-0423,ENG-009,2024-04-08T13:03:45Z,30.732336,-90.68221,FAC-007,green_zone,helipad,92.8
FL-0424,ENG-009,2024-05-11T01:40:37Z,32.987604,-98.955189,FAC-008,exclusion_zone,transit,32.0
FL-0425,ENG-002,2024-02-22T02:26:56Z,36.681119,-102.058932,FAC-001,red_zone,accommodation,49.8
FL-0426,ENG-019,2024-06-19T00:41:39Z,29.663773,-102.288385,FAC-002,red_zone,separator_area,73.0
FL-0427,ENG-001,2024-05-20T05:49:47Z,26.464589,-99.174614,FAC-006,red_zone,helipad,8.6
FL-0428,ENG-002,2024-04-10T17:04:46Z,30.630195,-96.361492,FAC-003,exclusion_zone,wellhead,35.5
FL-0429,ENG-006,2024-06-25T19:57:15Z,34.225359,-98.558885,FAC-004,green_zone,drilling_floor,101.6
FL-0430,ENG-025,2024-04-12T05:55:33Z,28.255456,-98.837127,FAC-008,green_zone,separator_area,34.7
FL-0431,ENG-001,2024-02-14T15:54:07Z,39.894221,-93.614739,FAC-001,red_zone,control_room,97.7
FL-0432,ENG-013,2024-05-07T05:48:26Z,34.816521,-91.270674,FAC-005,green_zone,control_room,9.8
FL-0433,ENG-024,2024-05-16T14:29:50Z,42.772492,-98.52316,FAC-001,yellow_zone,control_room,88.6
FL-0434,ENG-013,2024-02-07T17:25:45Z,44.292378,-90.532545,FAC-006,exclusion_zone,helipad,89.5
FL-0435,ENG-010,2024-02-23T05:09:51Z,36.095924,-104.205774,FAC-008,exclusion_zone,office,52.1
FL-0436,ENG-008,2024-03-19T21:38:18Z,38.341918,-97.299709,FAC-004,exclusion_zone,drilling_floor,119.2
FL-0437,ENG-024,2024-03-17T10:31:10Z,46.932062,-92.271393,FAC-002,exclusion_zone,wellhead,69.8
FL-0438,ENG-001,2024-03-18T03:46:43Z,42.966527,-97.952465,FAC-008,green_zone,office,40.6
FL-0439,ENG-021,2024-01-17T05:45:54Z,28.098559,-102.953397,FAC-008,yellow_zone,control_room,17.8
FL-0440,ENG-020,2024-06-11T17:41:28Z,36.417322,-92.985417,FAC-004,green_zone,accommodation,31.0
FL-0441,ENG-010,2024-05-23T19:01:55Z,33.433107,-103.288984,FAC-006,exclusion_zone,drilling_floor,32.9
FL-0442,ENG-007,2024-05-26T14:43:54Z,38.373009,-97.202916,FAC-008,red_zone,wellhead,39.3
FL-0443,ENG-023,2024-04-03T18:55:33Z,37.317485,-90.544248,FAC-002,green_zone,transit,84.2
FL-0444,ENG-013,2024-01-25T17:10:45Z,42.651508,-103.082324,FAC-002,yellow_zone,wellhead,53.1
FL-0445,ENG-004,2024-01-08T14:02:30Z,45.481062,-97.086679,FAC-008,yellow_zone,helipad,50.8
FL-0446,ENG-001,2024-02-27T14:57:36Z,28.586832,-88.076602,FAC-005,red_zone,flare_stack_area,106.9
FL-0447,ENG-019,2024-05-06T06:14:53Z,29.650805,-100.776458,FAC-004,red_zone,helipad,72.9
FL-0448,ENG-016,2024-03-30T21:10:40Z,30.633577,-100.056811,FAC-003,yellow_zone,helipad,86.1
FL-0449,ENG-016,2024-01-02T21:46:12Z,32.989137,-102.773936,FAC-008,green_zone,drilling_floor,38.1
FL-0450,ENG-007,2024-02-08T16:39:16Z,41.268994,-96.320833,FAC-006,green_zone,drilling_floor,75.4
FL-0451,ENG-020,2024-01-31T09:07:26Z,27.468984,-94.545816,FAC-004,red_zone,drilling_floor,111.4
FL-0452,ENG-009,2024-02-25T04:24:36Z,44.056597,-90.374323,FAC-005,red_zone,flare_stack_area,92.3
FL-0453,ENG-009,2024-04-18T22:58:22Z,37.902374,-94.131384,FAC-002,yellow_zone,control_room,87.9
FL-0454,ENG-009,2024-02-04T15:03:21Z,31.784628,-104.158202,FAC-007,red_zone,flare_stack_area,92.9
FL-0455,ENG-019,2024-04-27T10:27:24Z,32.099225,-91.468608,FAC-008,yellow_zone,separator_area,1.3
FL-0456,ENG-008,2024-02-12T00:41:58Z,28.009442,-91.539631,FAC-003,yellow_zone,separator_area,57.6
FL-0457,ENG-001,2024-03-03T18:51:49Z,27.711323,-88.542843,FAC-003,exclusion_zone,transit,80.1
FL-0458,ENG-011,2024-02-28T18:01:26Z,37.008252,-103.888663,FAC-007,exclusion_zone,transit,85.0
FL-0459,ENG-012,2024-03-01T12:54:55Z,44.450287,-100.294505,FAC-002,yellow_zone,separator_area,113.5
FL-0460,ENG-009,2024-05-18T03:07:13Z,29.143448,-98.129622,FAC-008,exclusion_zone,office,82.6
FL-0461,ENG-018,2024-06-23T17:11:43Z,35.579094,-99.732751,FAC-001,red_zone,accommodation,92.7
FL-0462,ENG-012,2024-05-21T11:00:59Z,35.329714,-94.894465,FAC-004,exclusion_zone,laydown_yard,22.3
FL-0463,ENG-024,2024-01-03T01:44:13Z,30.308394,-99.502155,FAC-004,green_zone,flare_stack_area,37.9
FL-0464,ENG-004,2024-06-25T21:45:27Z,34.115083,-101.432314,FAC-001,red_zone,drilling_floor,78.0
FL-0465,ENG-021,2024-04-02T23:03:58Z,34.762468,-88.076719,FAC-005,red_zone,drilling_floor,116.6
FL-0466,ENG-001,2024-06-16T14:44:06Z,41.796649,-97.525433,FAC-008,exclusion_zone,separator_area,57.3
FL-0467,ENG-021,2024-05-25T17:59:09Z,38.002921,-104.130029,FAC-006,green_zone,flare_stack_area,107.4
FL-0468,ENG-005,2024-05-17T00:31:07Z,42.196316,-90.323562,FAC-003,green_zone,transit,100.3
FL-0469,ENG-004,2024-01-11T21:12:09Z,35.754316,-93.209364,FAC-006,green_zone,helipad,34.0
FL-0470,ENG-007,2024-05-07T05:00:41Z,39.508083,-105.69986,FAC-006,yellow_zone,flare_stack_area,86.9
FL-0471,ENG-012,2024-04-10T06:19:15Z,26.311767,-94.039084,FAC-007,green_zone,control_room,24.0
FL-0472,ENG-025,2024-04-07T09:16:44Z,29.245307,-101.200553,FAC-003,exclusion_zone,drilling_floor,33.8
FL-0473,ENG-007,2024-05-13T17:39:08Z,37.120248,-102.886572,FAC-001,red_zone,office,67.7
FL-0474,ENG-004,2024-03-07T07:17:02Z,36.25755,-90.950099,FAC-002,exclusion_zone,control_room,14.8
FL-0475,ENG-003,2024-02-05T10:30:58Z,42.050108,-102.65814,FAC-001,yellow_zone,drilling_floor,26.9
FL-0476,ENG-012,2024-03-30T09:22:56Z,27.788049,-92.963018,FAC-004,red_zone,wellhead,89.9
FL-0477,ENG-024,2024-01-26T18:35:20Z,32.830715,-99.172412,FAC-005,yellow_zone,office,17.7
FL-0478,ENG-011,2024-03-21T09:17:58Z,30.971128,-102.611585,FAC-004,yellow_zone,office,31.9
FL-0479,ENG-015,2024-02-21T08:52:11Z,28.033065,-99.607244,FAC-006,red_zone,helipad,54.5
FL-0480,ENG-021,2024-05-13T09:50:16Z,44.29807,-105.33884,FAC-007,yellow_zone,helipad,68.7
FL-0481,ENG-023,2024-03-25T05:54:12Z,33.632274,-91.40365,FAC-005,yellow_zone,laydown_yard,84.3
FL-0482,ENG-017,2024-04-17T02:41:40Z,44.256869,-91.702689,FAC-002,yellow_zone,office,27.0
FL-0483,ENG-009,2024-01-07T02:33:30Z,46.282226,-96.693463,FAC-003,exclusion_zone,separator_area,56.6
FL-0484,ENG-011,2024-03-13T06:57:48Z,38.402927,-94.150513,FAC-001,red_zone,control_room,75.9
FL-0485,ENG-001,2024-01-31T19:49:51Z,35.270971,-99.975175,FAC-002,yellow_zone,laydown_yard,37.4
FL-0486,ENG-015,2024-04-16T04:10:14Z,30.095536,-105.608501,FAC-008,exclusion_zone,transit,57.4
FL-0487,ENG-008,2024-02-19T01:05:01Z,41.914194,-95.183045,FAC-008,exclusion_zone,office,5.8
FL-0488,ENG-008,2024-05-28T04:38:38Z,46.564598,-89.316045,FAC-002,exclusion_zone,transit,93.1
FL-0489,ENG-019,2024-03-18T19:37:51Z,39.047673,-103.047533,FAC-003,red_zone,flare_stack_area,115.9
FL-0490,ENG-017,2024-02-08T12:54:02Z,46.932865,-95.776211,FAC-003,yellow_zone,laydown_yard,94.8
FL-0491,ENG-002,2024-01-18T13:17:17Z,32.804018,-92.215184,FAC-006,exclusion_zone,transit,20.7
FL-0492,ENG-001,2024-05-07T21:20:18Z,29.244802,-90.106815,FAC-005,red_zone,control_room,23.0
FL-0493,ENG-007,2024-03-25T18:27:54Z,27.983672,-101.594815,FAC-006,green_zone,accommodation,20.0
FL-0494,ENG-004,2024-04-01T10:05:24Z,38.09624,-98.907149,FAC-004,exclusion_zone,transit,99.9
FL-0495,ENG-023,2024-02-17T03:15:35Z,42.787236,-104.275152,FAC-003,red_zone,separator_area,48.6
FL-0496,ENG-011,2024-06-23T09:04:57Z,32.230281,-93.854507,FAC-007,exclusion_zone,helipad,9.5
FL-0497,ENG-016,2024-05-10T01:51:05Z,42.289441,-95.444279,FAC-004,yellow_zone,wellhead,44.9
FL-0498,ENG-011,2024-04-07T08:57:14Z,44.111239,-95.009803,FAC-007,green_zone,wellhead,17.4
FL-0499,ENG-007,2024-01-09T14:12:36Z,30.647112,-98.162789,FAC-006,exclusion_zone,separator_area,51.7
FL-0500,ENG-010,2024-03-01T09:47:38Z,34.509941,-91.21705,FAC-001,red_zone,transit,22.4
