interaction_id,engineer_id,timestamp,system,screen,action,duration_ms,alarm_count
SCADA-0001,ENG-001,2024-06-23T04:10:41Z,ABB 800xA,production_dashboard,open_screen,24773,3
SCADA-0002,ENG-023,2024-04-12T21:07:26Z,ABB 800xA,alarm_summary,log_reading,32096,2
SCADA-0003,ENG-013,2024-03-09T01:31:53Z,Honeywell Experion,separator_control,log_reading,38256,0
SCADA-0004,ENG-005,2024-02-19T10:08:23Z,ABB 800xA,alarm_summary,log_reading,5993,0
SCADA-0005,ENG-018,2024-03-20T08:25:54Z,Ignition SCADA,alarm_summary,acknowledge_alarm,966,1
SCADA-0006,ENG-004,2024-04-10T22:15:56Z,WellView,process_graphic,export_data,13962,2
SCADA-0007,ENG-011,2024-03-20T09:21:22Z,Ignition SCADA,well_overview,view_trend,28423,2
SCADA-0008,ENG-009,2024-02-20T17:45:35Z,Honeywell Experion,process_graphic,silence_alarm,24462,1
SCADA-0009,ENG-022,2024-03-18T04:16:14Z,OSIsoft PI,process_graphic,silence_alarm,37040,1
SCADA-0010,ENG-012,2024-04-18T13:33:57Z,Honeywell Experion,process_graphic,adjust_setpoint,20596,1
SCADA-0011,ENG-025,2024-05-16T23:50:35Z,ABB 800xA,separator_control,view_trend,43706,0
SCADA-0012,ENG-008,2024-03-27T17:16:58Z,OSIsoft PI,well_overview,view_trend,33814,1
SCADA-0013,ENG-011,2024-06-04T12:14:56Z,Honeywell Experion,production_dashboard,export_data,3911,0
SCADA-0014,ENG-021,2024-01-02T00:39:22Z,WellView,alarm_summary,open_screen,39837,1
SCADA-0015,ENG-003,2024-02-21T02:05:51Z,OSIsoft PI,trend_display,acknowledge_alarm,40413,0
SCADA-0016,ENG-013,2024-06-29T17:18:23Z,ABB 800xA,production_dashboard,export_data,34644,0
SCADA-0017,ENG-020,2024-01-12T03:47:49Z,OSIsoft PI,separator_control,open_screen,29268,0
SCADA-0018,ENG-022,2024-06-29T17:38:55Z,Honeywell Experion,trend_display,view_trend,2702,2
SCADA-0019,ENG-017,2024-04-10T03:51:56Z,OSIsoft PI,production_dashboard,view_trend,44672,0
SCADA-0020,ENG-008,2024-05-07T04:36:37Z,WellView,alarm_summary,acknowledge_alarm,18583,2
SCADA-0021,ENG-012,2024-05-10T00:51:04Z,ABB 800xA,process_graphic,silence_alarm,13627,1
SCADA-0022,ENG-024,2024-05-16T15:06:57Z,WellView,well_overview,silence_alarm,19144,2
SCADA-0023,ENG-018,2024-06-26T16:15:03Z,Honeywell Experion,trend_display,adjust_setpoint,18621,0
SCADA-0024,ENG-007,2024-03-29T07:19:50Z,ABB 800xA,production_dashboard,acknowledge_alarm,17611,0
SCADA-0025,ENG-017,2024-01-21T16:09:45Z,Honeywell Experion,well_overview,silence_alarm,19784,0
SCADA-0026,ENG-004,2024-06-04T21:58:55Z,Honeywell Experion,trend_display,silence_alarm,38176,0
SCADA-0027,ENG-015,2024-03-14T05:19:17Z,Honeywell Experion,process_graphic,log_reading,16443,2
SCADA-0028,ENG-025,2024-03-30T02:23:19Z,ABB 800xA,production_dashboard,log_reading,2292,1
SCADA-0029,ENG-009,2024-01-14T02:49:32Z,ABB 800xA,separator_control,log_reading,14942,2
SCADA-0030,ENG-008,2024-06-04T09:01:20Z,Ignition SCADA,process_graphic,adjust_setpoint,34349,1
SCADA-0031,ENG-023,2024-06-10T14:13:34Z,Ignition SCADA,alarm_summary,adjust_setpoint,6595,0
SCADA-0032,ENG-024,2024-06-08T10:29:07Z,Ignition SCADA,well_overview,silence_alarm,12197,1
SCADA-0033,ENG-012,2024-02-12T10:35:31Z,Honeywell Experion,trend_display,view_trend,12962,1
SCADA-0034,ENG-007,2024-02-15T14:31:59Z,OSIsoft PI,trend_display,view_trend,15521,0
SCADA-0035,ENG-008,2024-06-11T09:36:08Z,Honeywell Experion,trend_display,view_trend,7491,0
SCADA-0036,ENG-003,2024-05-11T05:30:45Z,ABB 800xA,production_dashboard,acknowledge_alarm,35986,5
SCADA-0037,ENG-016,2024-03-13T01:54:04Z,Honeywell Experion,trend_display,open_screen,38151,3
SCADA-0038,ENG-016,2024-02-05T12:14:40Z,Honeywell Experion,trend_display,open_screen,15055,2
SCADA-0039,ENG-005,2024-01-11T12:20:55Z,Honeywell Experion,process_graphic,open_screen,35939,0
SCADA-0040,ENG-012,2024-03-17T10:51:13Z,OSIsoft PI,process_graphic,acknowledge_alarm,34461,1
SCADA-0041,ENG-023,2024-01-02T15:14:00Z,WellView,separator_control,view_trend,25366,1
SCADA-0042,ENG-011,2024-03-11T05:11:20Z,Honeywell Experion,trend_display,view_trend,36450,0
SCADA-0043,ENG-009,2024-04-01T12:37:42Z,Honeywell Experion,trend_display,adjust_setpoint,12552,1
SCADA-0044,ENG-007,2024-03-22T09:06:52Z,Ignition SCADA,trend_display,log_reading,26753,0
SCADA-0045,ENG-006,2024-04-20T22:57:44Z,OSIsoft PI,production_dashboard,export_data,15479,3
SCADA-0046,ENG-024,2024-02-22T10:03:14Z,OSIsoft PI,production_dashboard,open_screen,25461,0
SCADA-0047,ENG-024,2024-01-30T00:56:40Z,ABB 800xA,well_overview,view_trend,28124,1
SCADA-0048,ENG-021,2024-04-10T09:25:37Z,Honeywell Experion,separator_control,adjust_setpoint,32391,0
SCADA-0049,ENG-018,2024-06-15T16:54:33Z,Honeywell Experion,well_overview,open_screen,6986,2
SCADA-0050,ENG-002,2024-02-11T20:09:01Z,Ignition SCADA,process_graphic,log_reading,41778,0
SCADA-0051,ENG-024,2024-03-05T23:36:45Z,Ignition SCADA,trend_display,adjust_setpoint,37223,1
SCADA-0052,ENG-009,2024-03-07T19:48:35Z,WellView,process_graphic,acknowledge_alarm,23509,3
SCADA-0053,ENG-020,2024-02-08T15:12:43Z,Honeywell Experion,production_dashboard,export_data,43041,1
SCADA-0054,ENG-025,2024-02-25T06:22:22Z,Ignition SCADA,trend_display,export_data,33952,1
SCADA-0055,ENG-024,2024-03-27T18:50:43Z,WellView,process_graphic,silence_alarm,19277,1
SCADA-0056,ENG-005,2024-06-17T14:22:26Z,OSIsoft PI,separator_control,log_reading,22611,1
SCADA-0057,ENG-020,2024-04-21T00:01:27Z,ABB 800xA,well_overview,acknowledge_alarm,11116,0
SCADA-0058,ENG-011,2024-03-02T12:45:34Z,Ignition SCADA,separator_control,adjust_setpoint,40174,1
SCADA-0059,ENG-009,2024-06-21T08:56:37Z,ABB 800xA,trend_display,export_data,38964,1
SCADA-0060,ENG-015,2024-03-21T09:19:43Z,OSIsoft PI,alarm_summary,log_reading,2013,0
SCADA-0061,ENG-008,2024-05-08T13:14:55Z,Ignition SCADA,separator_control,export_data,5747,0
SCADA-0062,ENG-013,2024-01-21T00:03:29Z,WellView,well_overview,open_screen,36442,0
SCADA-0063,ENG-025,2024-03-18T02:12:44Z,Honeywell Experion,well_overview,acknowledge_alarm,17700,1
SCADA-0064,ENG-003,2024-05-07T03:44:29Z,ABB 800xA,trend_display,view_trend,16713,2
SCADA-0065,ENG-015,2024-05-01T15:36:41Z,OSIsoft PI,alarm_summary,silence_alarm,11680,0
SCADA-0066,ENG-022,2024-03-10T07:00:02Z,Ignition SCADA,process_graphic,open_screen,35927,5
SCADA-0067,ENG-018,2024-03-27T09:07:39Z,OSIsoft PI,separator_control,silence_alarm,12102,1
SCADA-0068,ENG-015,2024-05-02T12:53:40Z,Honeywell Experion,process_graphic,silence_alarm,42429,1
SCADA-0069,ENG-010,2024-06-25T11:53:20Z,Ignition SCADA,process_graphic,silence_alarm,15385,3
SCADA-0070,ENG-015,2024-02-29T18:46:11Z,Ignition SCADA,process_graphic,adjust_setpoint,10705,0
SCADA-0071,ENG-001,2024-04-11T14:49:49Z,OSIsoft PI,trend_display,adjust_setpoint,31249,1
SCADA-0072,ENG-023,2024-06-28T01:14:36Z,ABB 800xA,process_graphic,adjust_setpoint,1098,2
SCADA-0073,ENG-010,2024-04-25T22:14:20Z,OSIsoft PI,well_overview,silence_alarm,24987,0
SCADA-0074,ENG-018,2024-03-25T21:03:47Z,ABB 800xA,alarm_summary,view_trend,42835,0
SCADA-0075,ENG-013,2024-02-12T20:02:06Z,Ignition SCADA,well_overview,open_screen,41481,0
SCADA-0076,ENG-025,2024-06-04T08:04:46Z,Honeywell Experion,separator_control,export_data,18316,0
SCADA-0077,ENG-024,2024-04-13T07:02:23Z,Ignition SCADA,process_graphic,view_trend,4986,0
SCADA-0078,ENG-010,2024-01-22T10:17:52Z,ABB 800xA,production_dashboard,open_screen,18334,2
SCADA-0079,ENG-016,2024-02-06T11:09:44Z,Ignition SCADA,well_overview,view_trend,3752,5
SCADA-0080,ENG-001,2024-02-06T02:31:55Z,WellView,trend_display,adjust_setpoint,8694,2
SCADA-0081,ENG-024,2024-01-02T14:14:01Z,OSIsoft PI,well_overview,view_trend,1465,1
SCADA-0082,ENG-011,2024-03-22T14:28:28Z,Ignition SCADA,process_graphic,adjust_setpoint,30888,2
SCADA-0083,ENG-002,2024-03-05T03:04:12Z,WellView,alarm_summary,acknowledge_alarm,17965,2
SCADA-0084,ENG-003,2024-04-15T11:27:28Z,ABB 800xA,alarm_summary,view_trend,16889,3
SCADA-0085,ENG-001,2024-01-24T16:22:55Z,OSIsoft PI,process_graphic,log_reading,29529,0
SCADA-0086,ENG-002,2024-02-08T16:14:43Z,ABB 800xA,separator_control,log_reading,6657,1
SCADA-0087,ENG-007,2024-04-01T19:31:36Z,ABB 800xA,separator_control,adjust_setpoint,21672,0
SCADA-0088,ENG-024,2024-01-09T04:36:02Z,Honeywell Experion,production_dashboard,acknowledge_alarm,17101,1
SCADA-0089,ENG-010,2024-02-08T14:07:09Z,Ignition SCADA,well_overview,log_reading,44192,0
SCADA-0090,ENG-004,2024-02-15T19:40:49Z,ABB 800xA,trend_display,acknowledge_alarm,11468,2
SCADA-0091,ENG-019,2024-01-24T05:36:27Z,ABB 800xA,alarm_summary,acknowledge_alarm,3252,1
SCADA-0092,ENG-023,2024-04-02T06:55:18Z,Honeywell Experion,alarm_summary,adjust_setpoint,6364,0
SCADA-0093,ENG-016,2024-01-18T17:57:43Z,Honeywell Experion,trend_display,log_reading,41468,0
SCADA-0094,ENG-012,2024-05-05T03:56:12Z,OSIsoft PI,separator_control,silence_alarm,7538,0
SCADA-0095,ENG-008,2024-03-02T12:06:47Z,Honeywell Experion,separator_control,log_reading,23261,3
SCADA-0096,ENG-015,2024-05-22T08:54:27Z,OSIsoft PI,well_overview,export_data,25257,0
SCADA-0097,ENG-005,2024-02-18T16:19:44Z,WellView,process_graphic,export_data,29172,1
SCADA-0098,ENG-018,2024-05-15T08:25:53Z,ABB 800xA,alarm_summary,silence_alarm,12730,1
SCADA-0099,ENG-011,2024-05-22T05:14:33Z,ABB 800xA,trend_display,log_reading,39735,5
SCADA-0100,ENG-018,2024-02-01T03:15:16Z,WellView,production_dashboard,view_trend,29950,0
SCADA-0101,ENG-009,2024-04-15T04:04:00Z,Ignition SCADA,process_graphic,acknowledge_alarm,42313,1
SCADA-0102,ENG-024,2024-02-06T00:39:08Z,WellView,production_dashboard,log_reading,24360,2
SCADA-0103,ENG-008,2024-03-03T06:32:34Z,WellView,separator_control,silence_alarm,25894,0
SCADA-0104,ENG-022,2024-04-06T14:44:49Z,Honeywell Experion,alarm_summary,silence_alarm,19055,0
SCADA-0105,ENG-021,2024-03-03T12:44:27Z,WellView,well_overview,silence_alarm,43681,0
SCADA-0106,ENG-005,2024-02-04T16:31:01Z,WellView,alarm_summary,acknowledge_alarm,32309,0
SCADA-0107,ENG-002,2024-04-20T21:06:34Z,ABB 800xA,separator_control,open_screen,34960,1
SCADA-0108,ENG-019,2024-02-19T16:45:36Z,WellView,trend_display,view_trend,40211,2
SCADA-0109,ENG-001,2024-06-29T15:05:51Z,OSIsoft PI,separator_control,open_screen,5740,1
SCADA-0110,ENG-021,2024-01-12T18:53:00Z,Ignition SCADA,production_dashboard,export_data,27759,3
SCADA-0111,ENG-023,2024-01-12T07:41:52Z,Honeywell Experion,trend_display,silence_alarm,3164,2
SCADA-0112,ENG-010,2024-01-16T03:12:18Z,OSIsoft PI,production_dashboard,acknowledge_alarm,7133,2
SCADA-0113,ENG-018,2024-03-15T19:46:22Z,OSIsoft PI,alarm_summary,silence_alarm,43549,0
SCADA-0114,ENG-021,2024-02-04T17:43:28Z,Honeywell Experion,separator_control,silence_alarm,27709,2
SCADA-0115,ENG-025,2024-05-04T00:12:17Z,Honeywell Experion,trend_display,export_data,30562,2
SCADA-0116,ENG-014,2024-06-20T10:15:29Z,WellView,alarm_summary,log_reading,12322,1
SCADA-0117,ENG-017,2024-03-06T12:55:26Z,OSIsoft PI,production_dashboard,silence_alarm,29533,5
SCADA-0118,ENG-011,2024-04-16T19:33:53Z,Ignition SCADA,trend_display,open_screen,42000,1
SCADA-0119,ENG-024,2024-03-03T19:23:25Z,Honeywell Experion,alarm_summary,silence_alarm,36258,0
SCADA-0120,ENG-025,2024-04-16T20:17:53Z,Ignition SCADA,trend_display,open_screen,29827,5
SCADA-0121,ENG-001,2024-05-21T00:51:54Z,WellView,trend_display,silence_alarm,1568,1
SCADA-0122,ENG-010,2024-01-02T06:36:46Z,Ignition SCADA,alarm_summary,view_trend,21137,0
SCADA-0123,ENG-023,2024-06-08T16:22:13Z,Ignition SCADA,production_dashboard,silence_alarm,36959,1
SCADA-0124,ENG-019,2024-01-31T01:01:23Z,WellView,well_overview,open_screen,23808,0
SCADA-0125,ENG-009,2024-03-12T06:43:48Z,Honeywell Experion,alarm_summary,view_trend,17293,3
SCADA-0126,ENG-003,2024-04-20T18:39:46Z,ABB 800xA,production_dashboard,view_trend,5559,2
SCADA-0127,ENG-016,2024-02-03T13:47:02Z,ABB 800xA,separator_control,export_data,38263,3
SCADA-0128,ENG-004,2024-04-25T13:58:42Z,Ignition SCADA,well_overview,export_data,38267,0
SCADA-0129,ENG-025,2024-01-11T20:37:07Z,Ignition SCADA,trend_display,log_reading,28962,1
SCADA-0130,ENG-004,2024-06-17T21:29:56Z,OSIsoft PI,separator_control,export_data,39972,5
SCADA-0131,ENG-021,2024-05-30T23:02:00Z,ABB 800xA,well_overview,adjust_setpoint,34865,0
SCADA-0132,ENG-018,2024-04-19T16:41:05Z,OSIsoft PI,trend_display,silence_alarm,14970,0
SCADA-0133,ENG-022,2024-05-22T01:24:11Z,ABB 800xA,process_graphic,log_reading,39502,1
SCADA-0134,ENG-003,2024-02-13T02:59:38Z,ABB 800xA,trend_display,log_reading,26342,0
SCADA-0135,ENG-011,2024-01-17T00:41:17Z,ABB 800xA,production_dashboard,export_data,3731,1
SCADA-0136,ENG-009,2024-01-17T12:29:48Z,ABB 800xA,production_dashboard,open_screen,9044,2
SCADA-0137,ENG-016,2024-04-18T14:30:32Z,OSIsoft PI,process_graphic,open_screen,43245,1
SCADA-0138,ENG-018,2024-04-29T14:45:11Z,Honeywell Experion,alarm_summary,view_trend,5195,0
SCADA-0139,ENG-014,2024-03-03T19:12:26Z,Honeywell Experion,well_overview,acknowledge_alarm,44523,1
SCADA-0140,ENG-012,2024-03-08T15:13:56Z,OSIsoft PI,trend_display,adjust_setpoint,39420,2
SCADA-0141,ENG-025,2024-02-29T04:33:31Z,OSIsoft PI,trend_display,silence_alarm,29480,1
SCADA-0142,ENG-015,2024-01-09T17:08:40Z,OSIsoft PI,alarm_summary,export_data,24998,0
SCADA-0143,ENG-024,2024-06-14T14:10:08Z,WellView,well_overview,export_data,4074,0
SCADA-0144,ENG-020,2024-06-28T22:52:24Z,OSIsoft PI,trend_display,acknowledge_alarm,22996,2
SCADA-0145,ENG-004,2024-02-29T05:57:11Z,ABB 800xA,process_graphic,acknowledge_alarm,22249,0
SCADA-0146,ENG-018,2024-02-11T03:24:37Z,OSIsoft PI,production_dashboard,silence_alarm,17451,1
SCADA-0147,ENG-020,2024-05-21T17:41:25Z,OSIsoft PI,separator_control,export_data,44295,0
SCADA-0148,ENG-019,2024-06-24T22:27:13Z,Honeywell Experion,well_overview,adjust_setpoint,11662,0
SCADA-0149,ENG-007,2024-06-02T05:53:05Z,Honeywell Experion,trend_display,acknowledge_alarm,30971,2
SCADA-0150,ENG-001,2024-01-13T22:22:05Z,ABB 800xA,separator_control,adjust_setpoint,43949,3
SCADA-0151,ENG-022,2024-03-10T22:44:34Z,WellView,well_overview,adjust_setpoint,43059,0
SCADA-0152,ENG-013,2024-04-08T17:58:10Z,WellView,trend_display,open_screen,39631,1
SCADA-0153,ENG-006,2024-02-08T14:49:32Z,Honeywell Experion,process_graphic,silence_alarm,1908,0
SCADA-0154,ENG-017,2024-02-29T05:03:54Z,Ignition SCADA,process_graphic,open_screen,10789,0
SCADA-0155,ENG-022,2024-03-09T08:02:01Z,Ignition SCADA,separator_control,adjust_setpoint,15979,8
SCADA-0156,ENG-017,2024-02-23T13:41:09Z,WellView,separator_control,adjust_setpoint,25873,3
SCADA-0157,ENG-001,2024-04-17T18:12:17Z,Ignition SCADA,alarm_summary,view_trend,22899,3
SCADA-0158,ENG-022,2024-01-27T15:40:52Z,WellView,separator_control,open_screen,34625,5
SCADA-0159,ENG-020,2024-06-18T11:05:01Z,OSIsoft PI,process_graphic,view_trend,38045,0
SCADA-0160,ENG-010,2024-06-25T15:40:27Z,Honeywell Experion,trend_display,open_screen,36035,0
SCADA-0161,ENG-021,2024-01-27T21:48:48Z,Honeywell Experion,production_dashboard,export_data,13758,3
SCADA-0162,ENG-010,2024-05-13T16:47:31Z,Honeywell Experion,alarm_summary,open_screen,10012,2
SCADA-0163,ENG-019,2024-06-27T02:03:08Z,OSIsoft PI,trend_display,acknowledge_alarm,37025,1
SCADA-0164,ENG-024,2024-01-23T23:43:29Z,OSIsoft PI,trend_display,log_reading,10036,2
SCADA-0165,ENG-025,2024-03-02T21:11:28Z,ABB 800xA,process_graphic,adjust_setpoint,29532,2
SCADA-0166,ENG-021,2024-05-23T08:54:43Z,Ignition SCADA,alarm_summary,log_reading,12816,0
SCADA-0167,ENG-006,2024-01-06T02:05:33Z,Honeywell Experion,production_dashboard,adjust_setpoint,40188,1
SCADA-0168,ENG-008,2024-04-25T19:14:32Z,OSIsoft PI,alarm_summary,export_data,2209,0
SCADA-0169,ENG-023,2024-05-31T10:15:13Z,ABB 800xA,alarm_summary,silence_alarm,40130,1
SCADA-0170,ENG-021,2024-03-13T14:46:37Z,OSIsoft PI,process_graphic,open_screen,31554,0
SCADA-0171,ENG-007,2024-02-13T22:30:32Z,WellView,process_graphic,log_reading,1483,5
SCADA-0172,ENG-014,2024-02-13T05:10:40Z,OSIsoft PI,alarm_summary,acknowledge_alarm,12104,5
SCADA-0173,ENG-015,2024-06-17T09:06:50Z,Honeywell Experion,process_graphic,export_data,21792,3
SCADA-0174,ENG-008,2024-03-24T00:33:14Z,ABB 800xA,well_overview,silence_alarm,25428,2
SCADA-0175,ENG-013,2024-04-28T17:49:09Z,Honeywell Experion,production_dashboard,silence_alarm,34921,1
SCADA-0176,ENG-023,2024-06-01T19:18:44Z,WellView,production_dashboard,acknowledge_alarm,30096,1
SCADA-0177,ENG-002,2024-06-19T10:45:03Z,OSIsoft PI,production_dashboard,silence_alarm,26426,8
SCADA-0178,ENG-002,2024-04-18T07:04:29Z,ABB 800xA,production_dashboard,log_reading,41830,5
SCADA-0179,ENG-007,2024-02-26T12:59:39Z,ABB 800xA,process_graphic,adjust_setpoint,19237,1
SCADA-0180,ENG-014,2024-02-27T04:05:43Z,Honeywell Experion,well_overview,export_data,34380,5
SCADA-0181,ENG-015,2024-06-10T03:35:02Z,ABB 800xA,well_overview,export_data,33311,0
SCADA-0182,ENG-025,2024-04-23T16:23:02Z,Honeywell Experion,alarm_summary,open_screen,27603,0
SCADA-0183,ENG-001,2024-02-04T17:38:04Z,ABB 800xA,production_dashboard,export_data,13733,3
SCADA-0184,ENG-003,2024-02-18T13:28:04Z,Ignition SCADA,separator_control,export_data,11247,2
SCADA-0185,ENG-004,2024-01-18T16:58:55Z,WellView,separator_control,open_screen,42054,0
SCADA-0186,ENG-017,2024-05-17T08:09:34Z,ABB 800xA,separator_control,log_reading,34032,1
SCADA-0187,ENG-006,2024-03-14T12:46:13Z,Honeywell Experion,process_graphic,acknowledge_alarm,11699,5
SCADA-0188,ENG-019,2024-06-18T04:34:38Z,OSIsoft PI,alarm_summary,log_reading,9976,0
SCADA-0189,ENG-023,2024-01-10T23:07:27Z,ABB 800xA,trend_display,adjust_setpoint,29745,0
SCADA-0190,ENG-006,2024-01-23T19:50:28Z,OSIsoft PI,alarm_summary,acknowledge_alarm,41300,2
SCADA-0191,ENG-001,2024-03-30T01:25:46Z,ABB 800xA,process_graphic,silence_alarm,876,1
SCADA-0192,ENG-016,2024-02-16T04:35:36Z,OSIsoft PI,production_dashboard,export_data,31676,1
SCADA-0193,ENG-015,2024-01-16T10:03:13Z,Honeywell Experion,production_dashboard,acknowledge_alarm,16537,3
SCADA-0194,ENG-009,2024-04-30T08:19:08Z,Honeywell Experion,alarm_summary,acknowledge_alarm,12613,0
SCADA-0195,ENG-021,2024-03-08T18:33:01Z,WellView,alarm_summary,log_reading,2625,2
SCADA-0196,ENG-020,2024-02-27T22:50:18Z,Ignition SCADA,well_overview,acknowledge_alarm,7636,1
SCADA-0197,ENG-006,2024-02-01T07:52:35Z,Ignition SCADA,production_dashboard,export_data,39491,1
SCADA-0198,ENG-018,2024-02-04T10:50:01Z,ABB 800xA,separator_control,silence_alarm,24105,5
SCADA-0199,ENG-003,2024-05-29T05:31:31Z,Ignition SCADA,trend_display,adjust_setpoint,25334,3
SCADA-0200,ENG-025,2024-03-23T23:28:24Z,Honeywell Experion,well_overview,adjust_setpoint,31355,0
SCADA-0201,ENG-023,2024-06-15T21:07:52Z,Ignition SCADA,trend_display,silence_alarm,27616,1
SCADA-0202,ENG-023,2024-02-10T14:14:53Z,Honeywell Experion,well_overview,acknowledge_alarm,37945,2
SCADA-0203,ENG-021,2024-04-12T17:04:11Z,WellView,process_graphic,export_data,40134,5
SCADA-0204,ENG-023,2024-02-25T18:23:23Z,ABB 800xA,production_dashboard,log_reading,21241,0
SCADA-0205,ENG-019,2024-05-01T00:31:41Z,Ignition SCADA,alarm_summary,silence_alarm,37372,1
SCADA-0206,ENG-024,2024-05-02T16:40:11Z,ABB 800xA,process_graphic,log_reading,12290,3
SCADA-0207,ENG-008,2024-05-17T14:15:18Z,Ignition SCADA,alarm_summary,acknowledge_alarm,8246,0
SCADA-0208,ENG-021,2024-06-03T17:02:34Z,WellView,separator_control,log_reading,14087,2
SCADA-0209,ENG-014,2024-03-21T09:34:17Z,WellView,trend_display,adjust_setpoint,37227,3
SCADA-0210,ENG-007,2024-01-03T04:38:56Z,OSIsoft PI,separator_control,adjust_setpoint,17173,2
SCADA-0211,ENG-010,2024-02-28T07:25:29Z,Honeywell Experion,production_dashboard,adjust_setpoint,901,0
SCADA-0212,ENG-011,2024-03-07T06:51:37Z,ABB 800xA,separator_control,silence_alarm,40869,5
SCADA-0213,ENG-006,2024-02-07T16:10:41Z,Ignition SCADA,trend_display,export_data,31898,5
SCADA-0214,ENG-002,2024-05-05T08:57:26Z,OSIsoft PI,process_graphic,view_trend,41604,1
SCADA-0215,ENG-018,2024-06-22T23:19:47Z,Ignition SCADA,process_graphic,log_reading,27628,5
SCADA-0216,ENG-002,2024-06-11T03:52:29Z,Honeywell Experion,trend_display,silence_alarm,44946,0
SCADA-0217,ENG-018,2024-01-04T15:14:03Z,OSIsoft PI,production_dashboard,export_data,22239,2
SCADA-0218,ENG-012,2024-01-13T20:34:30Z,OSIsoft PI,trend_display,log_reading,2542,0
SCADA-0219,ENG-013,2024-05-01T15:45:07Z,Honeywell Experion,alarm_summary,silence_alarm,40194,0
SCADA-0220,ENG-020,2024-01-23T16:32:07Z,Ignition SCADA,separator_control,log_reading,21111,2
SCADA-0221,ENG-009,2024-03-21T08:46:19Z,WellView,process_graphic,view_trend,24852,1
SCADA-0222,ENG-010,2024-02-11T23:17:05Z,Honeywell Experion,trend_display,view_trend,7855,0
SCADA-0223,ENG-002,2024-05-31T00:45:57Z,OSIsoft PI,well_overview,open_screen,33660,0
SCADA-0224,ENG-016,2024-06-24T17:23:58Z,Honeywell Experion,alarm_summary,view_trend,22789,5
SCADA-0225,ENG-024,2024-06-18T16:34:18Z,Honeywell Experion,trend_display,log_reading,21952,0
SCADA-0226,ENG-004,2024-06-08T15:26:35Z,Honeywell Experion,separator_control,view_trend,13947,2
SCADA-0227,ENG-015,2024-03-16T06:17:31Z,Honeywell Experion,well_overview,acknowledge_alarm,20880,5
SCADA-0228,ENG-022,2024-06-13T16:32:39Z,Honeywell Experion,well_overview,adjust_setpoint,31097,3
SCADA-0229,ENG-004,2024-04-11T02:04:04Z,Ignition SCADA,well_overview,silence_alarm,20956,1
SCADA-0230,ENG-007,2024-03-03T07:24:39Z,OSIsoft PI,alarm_summary,adjust_setpoint,18630,1
SCADA-0231,ENG-025,2024-03-26T15:44:52Z,WellView,trend_display,view_trend,10821,0
SCADA-0232,ENG-001,2024-04-30T23:08:02Z,Honeywell Experion,production_dashboard,acknowledge_alarm,14038,1
SCADA-0233,ENG-018,2024-03-02T20:14:50Z,Ignition SCADA,alarm_summary,export_data,19064,1
SCADA-0234,ENG-006,2024-01-14T20:00:57Z,Ignition SCADA,production_dashboard,adjust_setpoint,35927,1
SCADA-0235,ENG-005,2024-01-06T15:06:56Z,ABB 800xA,separator_control,acknowledge_alarm,7442,0
SCADA-0236,ENG-003,2024-03-23T19:28:27Z,ABB 800xA,alarm_summary,export_data,39567,3
SCADA-0237,ENG-021,2024-06-11T08:51:18Z,ABB 800xA,production_dashboard,adjust_setpoint,20976,0
SCADA-0238,ENG-007,2024-05-18T10:20:55Z,Honeywell Experion,well_overview,log_reading,31019,1
SCADA-0239,ENG-003,2024-06-06T20:09:37Z,ABB 800xA,well_overview,open_screen,20841,2
SCADA-0240,ENG-023,2024-05-28T20:07:06Z,ABB 800xA,process_graphic,view_trend,15166,0
SCADA-0241,ENG-020,2024-02-20T02:36:46Z,Ignition SCADA,process_graphic,view_trend,44093,0
SCADA-0242,ENG-011,2024-03-29T00:27:07Z,ABB 800xA,well_overview,acknowledge_alarm,31651,0
SCADA-0243,ENG-016,2024-03-30T13:32:31Z,OSIsoft PI,trend_display,log_reading,23346,1
SCADA-0244,ENG-005,2024-04-08T15:13:01Z,WellView,process_graphic,log_reading,7511,0
SCADA-0245,ENG-021,2024-01-14T18:31:47Z,Ignition SCADA,production_dashboard,open_screen,26767,1
SCADA-0246,ENG-008,2024-04-30T13:29:11Z,OSIsoft PI,production_dashboard,view_trend,32112,0
SCADA-0247,ENG-011,2024-02-10T10:27:36Z,Honeywell Experion,process_graphic,log_reading,29031,1
SCADA-0248,ENG-011,2024-04-15T17:40:45Z,OSIsoft PI,alarm_summary,export_data,44383,0
SCADA-0249,ENG-023,2024-04-21T11:54:40Z,ABB 800xA,well_overview,silence_alarm,39564,1
SCADA-0250,ENG-018,2024-01-19T23:06:00Z,ABB 800xA,alarm_summary,adjust_setpoint,27094,0
SCADA-0251,ENG-004,2024-05-13T02:42:07Z,Honeywell Experion,process_graphic,adjust_setpoint,32894,1
SCADA-0252,ENG-002,2024-01-18T13:54:51Z,OSIsoft PI,alarm_summary,silence_alarm,42189,3
SCADA-0253,ENG-025,2024-01-29T11:47:22Z,OSIsoft PI,process_graphic,silence_alarm,19603,0
SCADA-0254,ENG-019,2024-03-27T19:54:56Z,OSIsoft PI,alarm_summary,export_data,21248,0
SCADA-0255,ENG-022,2024-02-29T03:18:23Z,ABB 800xA,separator_control,adjust_setpoint,6351,1
SCADA-0256,ENG-020,2024-04-09T02:44:51Z,ABB 800xA,alarm_summary,log_reading,19779,0
SCADA-0257,ENG-018,2024-01-11T07:35:28Z,WellView,separator_control,silence_alarm,24043,0
SCADA-0258,ENG-010,2024-06-17T02:21:34Z,WellView,alarm_summary,open_screen,39176,0
SCADA-0259,ENG-011,2024-05-18T05:06:20Z,ABB 800xA,process_graphic,open_screen,29020,1
SCADA-0260,ENG-022,2024-02-03T16:08:58Z,ABB 800xA,alarm_summary,view_trend,36900,0
SCADA-0261,ENG-012,2024-06-12T02:30:35Z,ABB 800xA,alarm_summary,adjust_setpoint,44413,0
SCADA-0262,ENG-001,2024-01-14T22:21:38Z,WellView,alarm_summary,export_data,32396,2
SCADA-0263,ENG-005,2024-01-17T10:33:36Z,OSIsoft PI,separator_control,log_reading,27753,3
SCADA-0264,ENG-023,2024-04-27T08:50:44Z,ABB 800xA,production_dashboard,view_trend,30279,1
SCADA-0265,ENG-018,2024-06-08T05:48:35Z,ABB 800xA,process_graphic,adjust_setpoint,15294,0
SCADA-0266,ENG-020,2024-01-02T10:37:34Z,Honeywell Experion,process_graphic,log_reading,16015,2
SCADA-0267,ENG-009,2024-03-20T18:38:34Z,Honeywell Experion,production_dashboard,adjust_setpoint,2692,8
SCADA-0268,ENG-019,2024-04-03T20:11:33Z,Ignition SCADA,well_overview,silence_alarm,32057,5
SCADA-0269,ENG-003,2024-01-28T14:10:32Z,Honeywell Experion,trend_display,open_screen,34378,0
SCADA-0270,ENG-020,2024-01-18T04:11:23Z,OSIsoft PI,process_graphic,export_data,43998,5
SCADA-0271,ENG-003,2024-05-12T20:00:57Z,Honeywell Experion,production_dashboard,adjust_setpoint,40676,0
SCADA-0272,ENG-011,2024-04-13T21:26:08Z,WellView,process_graphic,open_screen,34097,5
SCADA-0273,ENG-019,2024-05-22T11:49:25Z,Ignition SCADA,process_graphic,adjust_setpoint,19808,0
SCADA-0274,ENG-002,2024-05-14T23:10:23Z,Honeywell Experion,separator_control,adjust_setpoint,37443,0
SCADA-0275,ENG-021,2024-04-01T21:05:16Z,Honeywell Experion,alarm_summary,silence_alarm,3882,2
SCADA-0276,ENG-010,2024-06-06T01:43:39Z,Honeywell Experion,well_overview,adjust_setpoint,32269,0
SCADA-0277,ENG-017,2024-01-15T22:12:14Z,Ignition SCADA,trend_display,view_trend,40856,0
SCADA-0278,ENG-009,2024-01-03T18:11:26Z,WellView,production_dashboard,view_trend,39282,2
SCADA-0279,ENG-022,2024-03-27T17:33:16Z,Ignition SCADA,alarm_summary,adjust_setpoint,15979,1
SCADA-0280,ENG-017,2024-06-16T09:16:42Z,WellView,trend_display,acknowledge_alarm,10007,1
SCADA-0281,ENG-005,2024-06-11T15:33:54Z,ABB 800xA,process_graphic,log_reading,25611,0
SCADA-0282,ENG-015,2024-05-20T23:24:03Z,OSIsoft PI,alarm_summary,silence_alarm,23114,0
SCADA-0283,ENG-009,2024-05-26T16:48:37Z,WellView,well_overview,view_trend,30909,0
SCADA-0284,ENG-010,2024-04-02T11:33:41Z,Honeywell Experion,alarm_summary,open_screen,26063,1
SCADA-0285,ENG-005,2024-04-13T00:02:22Z,ABB 800xA,well_overview,adjust_setpoint,29913,0
SCADA-0286,ENG-011,2024-04-12T23:09:36Z,WellView,well_overview,silence_alarm,42274,0
SCADA-0287,ENG-014,2024-04-28T13:04:08Z,Ignition SCADA,trend_display,adjust_setpoint,18003,3
SCADA-0288,ENG-009,2024-05-07T01:27:38Z,Honeywell Experion,process_graphic,open_screen,44755,2
SCADA-0289,ENG-024,2024-05-10T11:14:01Z,Honeywell Experion,alarm_summary,silence_alarm,22612,2
SCADA-0290,ENG-006,2024-03-01T19:56:35Z,Honeywell Experion,well_overview,export_data,1055,3
SCADA-0291,ENG-001,2024-03-20T20:33:29Z,WellView,production_dashboard,acknowledge_alarm,29725,0
SCADA-0292,ENG-024,2024-02-25T00:15:35Z,Ignition SCADA,alarm_summary,acknowledge_alarm,2053,1
SCADA-0293,ENG-002,2024-04-25T08:53:11Z,OSIsoft PI,production_dashboard,export_data,8481,2
SCADA-0294,ENG-004,2024-01-17T18:35:22Z,Honeywell Experion,alarm_summary,open_screen,43517,2
SCADA-0295,ENG-021,2024-04-19T22:04:18Z,OSIsoft PI,well_overview,export_data,12575,0
SCADA-0296,ENG-015,2024-05-08T06:02:59Z,WellView,separator_control,open_screen,18613,2
SCADA-0297,ENG-023,2024-06-24T10:06:34Z,Ignition SCADA,trend_display,view_trend,5349,0
SCADA-0298,ENG-002,2024-03-15T07:58:21Z,ABB 800xA,trend_display,acknowledge_alarm,17423,5
SCADA-0299,ENG-009,2024-02-04T13:12:41Z,ABB 800xA,well_overview,open_screen,13651,1
SCADA-0300,ENG-006,2024-05-05T08:10:10Z,ABB 800xA,well_overview,view_trend,35930,2
SCADA-0301,ENG-007,2024-04-29T05:17:25Z,WellView,process_graphic,export_data,17473,0
SCADA-0302,ENG-003,2024-01-14T16:08:42Z,Honeywell Experion,separator_control,adjust_setpoint,29721,0
SCADA-0303,ENG-016,2024-01-29T21:42:40Z,WellView,well_overview,export_data,26090,0
SCADA-0304,ENG-023,2024-03-05T01:07:23Z,ABB 800xA,production_dashboard,acknowledge_alarm,34276,2
SCADA-0305,ENG-025,2024-04-05T06:43:55Z,ABB 800xA,process_graphic,open_screen,5094,1
SCADA-0306,ENG-001,2024-03-15T15:32:42Z,ABB 800xA,well_overview,silence_alarm,35581,5
SCADA-0307,ENG-012,2024-03-05T17:56:30Z,Ignition SCADA,process_graphic,acknowledge_alarm,41936,8
SCADA-0308,ENG-021,2024-01-18T14:32:19Z,Ignition SCADA,production_dashboard,log_reading,22786,0
SCADA-0309,ENG-015,2024-05-27T15:58:05Z,Ignition SCADA,separator_control,view_trend,12074,1
SCADA-0310,ENG-013,2024-05-08T07:14:38Z,OSIsoft PI,trend_display,export_data,26065,3
SCADA-0311,ENG-021,2024-05-13T18:14:20Z,Ignition SCADA,process_graphic,acknowledge_alarm,41970,1
SCADA-0312,ENG-007,2024-01-28T04:10:53Z,WellView,alarm_summary,acknowledge_alarm,39359,0
SCADA-0313,ENG-013,2024-01-13T05:34:00Z,Honeywell Experion,separator_control,adjust_setpoint,33247,1
SCADA-0314,ENG-015,2024-01-04T04:30:53Z,WellView,trend_display,acknowledge_alarm,22632,2
SCADA-0315,ENG-002,2024-03-19T17:48:12Z,WellView,alarm_summary,log_reading,43350,2
SCADA-0316,ENG-015,2024-05-11T16:04:18Z,Honeywell Experion,alarm_summary,export_data,38468,0
SCADA-0317,ENG-003,2024-01-08T03:51:44Z,OSIsoft PI,process_graphic,export_data,1749,1
SCADA-0318,ENG-020,2024-01-09T21:27:04Z,OSIsoft PI,separator_control,export_data,9054,0
SCADA-0319,ENG-021,2024-01-10T16:49:16Z,Ignition SCADA,well_overview,open_screen,40557,0
SCADA-0320,ENG-019,2024-01-13T10:03:50Z,WellView,well_overview,open_screen,39492,2
SCADA-0321,ENG-008,2024-01-13T06:06:51Z,OSIsoft PI,process_graphic,adjust_setpoint,44959,1
SCADA-0322,ENG-004,2024-05-12T20:04:58Z,Honeywell Experion,production_dashboard,view_trend,21575,3
SCADA-0323,ENG-007,2024-05-28T09:33:36Z,WellView,production_dashboard,view_trend,22487,0
SCADA-0324,ENG-009,2024-01-28T10:12:40Z,ABB 800xA,alarm_summary,export_data,24743,1
SCADA-0325,ENG-015,2024-02-17T07:27:58Z,Honeywell Experion,well_overview,view_trend,7051,2
SCADA-0326,ENG-021,2024-04-28T22:11:03Z,ABB 800xA,alarm_summary,acknowledge_alarm,32413,0
SCADA-0327,ENG-001,2024-02-04T20:07:28Z,WellView,separator_control,export_data,39410,3
SCADA-0328,ENG-014,2024-05-14T15:57:38Z,ABB 800xA,separator_control,view_trend,14010,0
SCADA-0329,ENG-009,2024-04-11T13:45:41Z,ABB 800xA,process_graphic,view_trend,11939,1
SCADA-0330,ENG-002,2024-04-25T18:49:43Z,OSIsoft PI,separator_control,open_screen,40611,5
SCADA-0331,ENG-021,2024-06-09T11:41:33Z,Ignition SCADA,trend_display,open_screen,799,1
SCADA-0332,ENG-007,2024-01-23T19:37:34Z,Honeywell Experion,well_overview,silence_alarm,24217,3
SCADA-0333,ENG-018,2024-04-08T13:18:40Z,OSIsoft PI,process_graphic,log_reading,41555,2
SCADA-0334,ENG-009,2024-01-11T07:19:10Z,OSIsoft PI,well_overview,log_reading,10279,2
SCADA-0335,ENG-016,2024-04-06T14:35:13Z,OSIsoft PI,alarm_summary,export_data,3325,0
SCADA-0336,ENG-012,2024-02-25T08:29:49Z,OSIsoft PI,process_graphic,adjust_setpoint,22408,1
SCADA-0337,ENG-025,2024-03-28T23:49:15Z,WellView,well_overview,export_data,3937,5
SCADA-0338,ENG-006,2024-01-31T16:32:45Z,WellView,process_graphic,silence_alarm,8106,0
SCADA-0339,ENG-008,2024-05-20T01:58:55Z,ABB 800xA,production_dashboard,silence_alarm,21862,1
SCADA-0340,ENG-024,2024-05-11T10:21:41Z,Ignition SCADA,alarm_summary,log_reading,7717,0
SCADA-0341,ENG-004,2024-02-16T01:03:05Z,ABB 800xA,alarm_summary,open_screen,14961,0
SCADA-0342,ENG-019,2024-04-04T01:30:12Z,WellView,process_graphic,view_trend,14666,5
SCADA-0343,ENG-015,2024-02-04T13:49:23Z,ABB 800xA,trend_display,view_trend,30498,2
SCADA-0344,ENG-021,2024-03-10T15:09:04Z,Ignition SCADA,alarm_summary,adjust_setpoint,8836,0
SCADA-0345,ENG-019,2024-01-12T13:59:49Z,Ignition SCADA,alarm_summary,acknowledge_alarm,31009,1
SCADA-0346,ENG-006,2024-05-27T15:26:21Z,Ignition SCADA,alarm_summary,adjust_setpoint,40059,0
SCADA-0347,ENG-021,2024-04-28T17:55:38Z,OSIsoft PI,production_dashboard,silence_alarm,15553,0
SCADA-0348,ENG-017,2024-04-04T23:53:58Z,OSIsoft PI,production_dashboard,open_screen,30827,0
SCADA-0349,ENG-024,2024-03-24T03:08:20Z,OSIsoft PI,alarm_summary,adjust_setpoint,28958,1
SCADA-0350,ENG-019,2024-01-29T22:14:56Z,Honeywell Experion,well_overview,open_screen,3398,0
SCADA-0351,ENG-016,2024-05-22T10:14:50Z,Honeywell Experion,well_overview,open_screen,35307,0
SCADA-0352,ENG-023,2024-06-08T11:29:41Z,WellView,process_graphic,open_screen,16262,0
SCADA-0353,ENG-025,2024-01-03T09:53:43Z,ABB 800xA,alarm_summary,view_trend,23988,0
SCADA-0354,ENG-021,2024-01-18T14:49:48Z,WellView,process_graphic,export_data,20477,0
SCADA-0355,ENG-015,2024-06-15T14:12:24Z,Honeywell Experion,separator_control,silence_alarm,2099,8
SCADA-0356,ENG-015,2024-05-29T21:00:42Z,OSIsoft PI,separator_control,open_screen,12620,2
SCADA-0357,ENG-012,2024-05-01T17:09:02Z,ABB 800xA,separator_control,export_data,589,3
SCADA-0358,ENG-003,2024-03-15T17:40:02Z,Ignition SCADA,production_dashboard,acknowledge_alarm,19937,1
SCADA-0359,ENG-009,2024-05-15T13:10:19Z,Honeywell Experion,production_dashboard,silence_alarm,14075,2
SCADA-0360,ENG-003,2024-04-30T11:31:51Z,Ignition SCADA,separator_control,acknowledge_alarm,34233,5
SCADA-0361,ENG-022,2024-03-11T16:19:07Z,WellView,well_overview,open_screen,24459,1
SCADA-0362,ENG-002,2024-03-11T23:41:06Z,Ignition SCADA,alarm_summary,export_data,37120,2
SCADA-0363,ENG-018,2024-05-17T17:45:02Z,OSIsoft PI,alarm_summary,adjust_setpoint,16139,1
SCADA-0364,ENG-021,2024-04-02T21:56:28Z,Honeywell Experion,separator_control,view_trend,15274,0
SCADA-0365,ENG-009,2024-04-07T18:47:15Z,ABB 800xA,trend_display,acknowledge_alarm,4652,0
SCADA-0366,ENG-015,2024-04-04T09:58:53Z,Honeywell Experion,production_dashboard,log_reading,8541,1
SCADA-0367,ENG-018,2024-05-11T17:08:44Z,Honeywell Experion,trend_display,open_screen,41194,0
SCADA-0368,ENG-022,2024-05-14T14:39:13Z,WellView,alarm_summary,open_screen,6221,0
SCADA-0369,ENG-006,2024-02-25T23:54:50Z,WellView,well_overview,view_trend,18584,0
SCADA-0370,ENG-005,2024-04-06T09:03:34Z,OSIsoft PI,alarm_summary,silence_alarm,41609,0
SCADA-0371,ENG-014,2024-05-12T12:13:48Z,Honeywell Experion,alarm_summary,open_screen,23221,1
SCADA-0372,ENG-024,2024-05-05T04:26:50Z,WellView,trend_display,view_trend,4625,0
SCADA-0373,ENG-008,2024-06-11T03:08:14Z,Honeywell Experion,separator_control,adjust_setpoint,27480,1
SCADA-0374,ENG-021,2024-05-05T10:49:00Z,Ignition SCADA,process_graphic,silence_alarm,44137,2
SCADA-0375,ENG-018,2024-03-27T11:02:41Z,ABB 800xA,trend_display,silence_alarm,9147,3
SCADA-0376,ENG-010,2024-02-03T08:21:10Z,Ignition SCADA,alarm_summary,open_screen,24872,8
SCADA-0377,ENG-025,2024-06-13T04:22:46Z,WellView,alarm_summary,adjust_setpoint,19137,1
SCADA-0378,ENG-006,2024-04-30T03:01:32Z,OSIsoft PI,separator_control,silence_alarm,19193,0
SCADA-0379,ENG-006,2024-06-11T23:34:08Z,OSIsoft PI,alarm_summary,view_trend,8162,0
SCADA-0380,ENG-011,2024-04-21T13:28:52Z,OSIsoft PI,process_graphic,adjust_setpoint,24726,0
SCADA-0381,ENG-018,2024-05-17T07:29:06Z,WellView,separator_control,adjust_setpoint,23034,0
SCADA-0382,ENG-015,2024-04-14T19:57:38Z,OSIsoft PI,production_dashboard,adjust_setpoint,8461,5
SCADA-0383,ENG-013,2024-06-29T19:05:44Z,ABB 800xA,alarm_summary,open_screen,21485,0
SCADA-0384,ENG-024,2024-04-16T01:13:22Z,Honeywell Experion,trend_display,export_data,19869,1
SCADA-0385,ENG-010,2024-05-26T10:38:52Z,Honeywell Experion,separator_control,view_trend,37543,2
SCADA-0386,ENG-015,2024-03-06T18:23:01Z,WellView,separator_control,open_screen,3126,0
SCADA-0387,ENG-018,2024-01-23T16:40:55Z,Ignition SCADA,well_overview,open_screen,40969,3
SCADA-0388,ENG-015,2024-03-10T09:34:28Z,WellView,trend_display,acknowledge_alarm,40355,1
SCADA-0389,ENG-019,2024-04-12T05:21:34Z,OSIsoft PI,trend_display,view_trend,1977,0
SCADA-0390,ENG-015,2024-05-11T11:20:38Z,WellView,production_dashboard,open_screen,13243,1
SCADA-0391,ENG-020,2024-04-27T11:52:01Z,Honeywell Experion,well_overview,export_data,24162,0
SCADA-0392,ENG-023,2024-06-14T19:00:55Z,ABB 800xA,trend_display,open_screen,24933,0
SCADA-0393,ENG-012,2024-03-09T05:25:59Z,Ignition SCADA,process_graphic,log_reading,37267,0
SCADA-0394,ENG-024,2024-06-21T09:28:14Z,ABB 800xA,separator_control,open_screen,29499,0
SCADA-0395,ENG-024,2024-06-23T07:41:42Z,ABB 800xA,separator_control,open_screen,9646,3
SCADA-0396,ENG-020,2024-01-17T17:09:08Z,OSIsoft PI,alarm_summary,adjust_setpoint,31604,8
SCADA-0397,ENG-017,2024-03-06T03:09:19Z,WellView,production_dashboard,log_reading,25126,0
SCADA-0398,ENG-014,2024-05-04T01:03:06Z,Ignition SCADA,process_graphic,view_trend,36925,1
SCADA-0399,ENG-019,2024-05-26T15:41:27Z,OSIsoft PI,alarm_summary,view_trend,25519,0
SCADA-0400,ENG-016,2024-01-09T04:49:10Z,Ignition SCADA,production_dashboard,adjust_setpoint,32881,1
