ping_id,technician_id,timestamp,lat,lon,site_id,site_type,activity_type,dwell_minutes
FL-0001,ENG-007,2026-03-01T06:02:00Z,40.7128,-74.0060,SITE-CO-001,Central Office,Travel,0
FL-0002,ENG-007,2026-03-01T06:18:00Z,40.7282,-74.0776,SITE-CO-001,Central Office,Arrive,0
FL-0003,ENG-007,2026-03-01T06:20:00Z,40.7282,-74.0776,SITE-CO-001,Central Office,Work,45
FL-0004,ENG-007,2026-03-01T07:05:00Z,40.7282,-74.0776,SITE-CO-001,Central Office,Documentation,20
FL-0005,ENG-007,2026-03-01T07:25:00Z,40.7282,-74.0776,SITE-CO-001,Central Office,Depart,0
FL-0006,ENG-007,2026-03-01T07:27:00Z,40.7305,-74.0702,SITE-UV-003,Underground Vault,Travel,0
FL-0007,ENG-007,2026-03-01T07:42:00Z,40.7450,-74.0320,SITE-UV-003,Underground Vault,Arrive,0
FL-0008,ENG-007,2026-03-01T07:44:00Z,40.7450,-74.0320,SITE-UV-003,Underground Vault,Work,60
FL-0009,ENG-007,2026-03-01T08:44:00Z,40.7450,-74.0320,SITE-UV-003,Underground Vault,Documentation,25
FL-0010,ENG-007,2026-03-01T09:09:00Z,40.7450,-74.0320,SITE-UV-003,Underground Vault,Depart,0
FL-0011,ENG-009,2026-03-01T06:05:00Z,40.7580,-73.9855,SITE-CT-005,Cell Tower,Travel,0
FL-0012,ENG-009,2026-03-01T06:30:00Z,40.7831,-73.9712,SITE-CT-005,Cell Tower,Arrive,0
FL-0013,ENG-009,2026-03-01T06:32:00Z,40.7831,-73.9712,SITE-CT-005,Cell Tower,Work,90
FL-0014,ENG-009,2026-03-01T08:02:00Z,40.7831,-73.9712,SITE-CT-005,Cell Tower,Documentation,30
FL-0015,ENG-009,2026-03-01T08:32:00Z,40.7831,-73.9712,SITE-CT-005,Cell Tower,Depart,0
FL-0016,ENG-010,2026-03-01T06:10:00Z,40.6892,-74.0445,SITE-CP-008,Customer Premise,Travel,0
FL-0017,ENG-010,2026-03-01T06:35:00Z,40.6782,-73.9442,SITE-CP-008,Customer Premise,Arrive,0
FL-0018,ENG-010,2026-03-01T06:37:00Z,40.6782,-73.9442,SITE-CP-008,Customer Premise,Work,35
FL-0019,ENG-010,2026-03-01T07:12:00Z,40.6782,-73.9442,SITE-CP-008,Customer Premise,Documentation,15
FL-0020,ENG-010,2026-03-01T07:27:00Z,40.6782,-73.9442,SITE-CP-008,Customer Premise,Depart,0
FL-0021,ENG-015,2026-03-01T07:00:00Z,40.7484,-73.9857,SITE-HS-002,Hub Site,Travel,0
FL-0022,ENG-015,2026-03-01T07:22:00Z,40.7614,-73.9776,SITE-HS-002,Hub Site,Arrive,0
FL-0023,ENG-015,2026-03-01T07:24:00Z,40.7614,-73.9776,SITE-HS-002,Hub Site,Work,55
FL-0024,ENG-015,2026-03-01T08:19:00Z,40.7614,-73.9776,SITE-HS-002,Hub Site,Documentation,20
FL-0025,ENG-015,2026-03-01T08:39:00Z,40.7614,-73.9776,SITE-HS-002,Hub Site,Depart,0
FL-0026,ENG-019,2026-03-01T06:15:00Z,40.7527,-73.9772,SITE-AP-010,Aerial Pole,Travel,0
FL-0027,ENG-019,2026-03-01T06:48:00Z,40.8075,-73.9626,SITE-AP-010,Aerial Pole,Arrive,0
FL-0028,ENG-019,2026-03-01T06:50:00Z,40.8075,-73.9626,SITE-AP-010,Aerial Pole,Work,75
FL-0029,ENG-019,2026-03-01T08:05:00Z,40.8075,-73.9626,SITE-AP-010,Aerial Pole,Documentation,25
FL-0030,ENG-019,2026-03-01T08:30:00Z,40.8075,-73.9626,SITE-AP-010,Aerial Pole,Depart,0
FL-0031,ENG-021,2026-03-01T06:20:00Z,40.7489,-73.9680,SITE-CB-012,Cabinet,Travel,0
FL-0032,ENG-021,2026-03-01T06:45:00Z,40.7357,-73.9911,SITE-CB-012,Cabinet,Arrive,0
FL-0033,ENG-021,2026-03-01T06:47:00Z,40.7357,-73.9911,SITE-CB-012,Cabinet,Work,40
FL-0034,ENG-021,2026-03-01T07:27:00Z,40.7357,-73.9911,SITE-CB-012,Cabinet,Documentation,15
FL-0035,ENG-021,2026-03-01T07:42:00Z,40.7357,-73.9911,SITE-CB-012,Cabinet,Depart,0
FL-0036,ENG-023,2026-03-01T06:08:00Z,40.7061,-73.9969,SITE-CO-002,Central Office,Travel,0
FL-0037,ENG-023,2026-03-01T06:28:00Z,40.7193,-73.9900,SITE-CO-002,Central Office,Arrive,0
FL-0038,ENG-023,2026-03-01T06:30:00Z,40.7193,-73.9900,SITE-CO-002,Central Office,Work,50
FL-0039,ENG-023,2026-03-01T07:20:00Z,40.7193,-73.9900,SITE-CO-002,Central Office,Documentation,22
FL-0040,ENG-023,2026-03-01T07:42:00Z,40.7193,-73.9900,SITE-CO-002,Central Office,Depart,0
FL-0041,ENG-027,2026-03-01T06:12:00Z,40.7282,-73.7949,SITE-CT-007,Cell Tower,Travel,0
FL-0042,ENG-027,2026-03-01T06:40:00Z,40.7506,-73.8267,SITE-CT-007,Cell Tower,Arrive,0
FL-0043,ENG-027,2026-03-01T06:42:00Z,40.7506,-73.8267,SITE-CT-007,Cell Tower,Work,85
FL-0044,ENG-027,2026-03-01T08:07:00Z,40.7506,-73.8267,SITE-CT-007,Cell Tower,Documentation,28
FL-0045,ENG-027,2026-03-01T08:35:00Z,40.7506,-73.8267,SITE-CT-007,Cell Tower,Depart,0
FL-0046,ENG-007,2026-03-01T09:15:00Z,40.7490,-74.0280,SITE-UV-004,Underground Vault,Travel,0
FL-0047,ENG-007,2026-03-01T09:38:00Z,40.7410,-73.9897,SITE-UV-004,Underground Vault,Arrive,0
FL-0048,ENG-007,2026-03-01T09:40:00Z,40.7410,-73.9897,SITE-UV-004,Underground Vault,Work,55
FL-0049,ENG-007,2026-03-01T10:35:00Z,40.7410,-73.9897,SITE-UV-004,Underground Vault,Documentation,18
FL-0050,ENG-007,2026-03-01T10:53:00Z,40.7410,-73.9897,SITE-UV-004,Underground Vault,Depart,0
FL-0051,ENG-009,2026-03-01T09:00:00Z,40.7831,-73.9712,SITE-AP-011,Aerial Pole,Travel,0
FL-0052,ENG-009,2026-03-01T09:25:00Z,40.7946,-73.9680,SITE-AP-011,Aerial Pole,Arrive,0
FL-0053,ENG-009,2026-03-01T09:27:00Z,40.7946,-73.9680,SITE-AP-011,Aerial Pole,Work,65
FL-0054,ENG-009,2026-03-01T10:32:00Z,40.7946,-73.9680,SITE-AP-011,Aerial Pole,Documentation,22
FL-0055,ENG-009,2026-03-01T10:54:00Z,40.7946,-73.9680,SITE-AP-011,Aerial Pole,Depart,0
FL-0056,ENG-010,2026-03-01T07:45:00Z,40.6782,-73.9442,SITE-CP-009,Customer Premise,Travel,0
FL-0057,ENG-010,2026-03-01T08:12:00Z,40.6501,-73.9496,SITE-CP-009,Customer Premise,Arrive,0
FL-0058,ENG-010,2026-03-01T08:14:00Z,40.6501,-73.9496,SITE-CP-009,Customer Premise,Work,30
FL-0059,ENG-010,2026-03-01T08:44:00Z,40.6501,-73.9496,SITE-CP-009,Customer Premise,Documentation,12
FL-0060,ENG-010,2026-03-01T08:56:00Z,40.6501,-73.9496,SITE-CP-009,Customer Premise,Depart,0
FL-0061,ENG-015,2026-03-01T09:00:00Z,40.7614,-73.9776,SITE-CO-003,Central Office,Travel,0
FL-0062,ENG-015,2026-03-01T09:18:00Z,40.7488,-73.9856,SITE-CO-003,Central Office,Arrive,0
FL-0063,ENG-015,2026-03-01T09:20:00Z,40.7488,-73.9856,SITE-CO-003,Central Office,Work,70
FL-0064,ENG-015,2026-03-01T10:30:00Z,40.7488,-73.9856,SITE-CO-003,Central Office,Documentation,25
FL-0065,ENG-015,2026-03-01T10:55:00Z,40.7488,-73.9856,SITE-CO-003,Central Office,Depart,0
FL-0066,ENG-019,2026-03-01T08:45:00Z,40.8075,-73.9626,SITE-HS-004,Hub Site,Travel,0
FL-0067,ENG-019,2026-03-01T09:12:00Z,40.8448,-73.8648,SITE-HS-004,Hub Site,Arrive,0
FL-0068,ENG-019,2026-03-01T09:14:00Z,40.8448,-73.8648,SITE-HS-004,Hub Site,Work,60
FL-0069,ENG-019,2026-03-01T10:14:00Z,40.8448,-73.8648,SITE-HS-004,Hub Site,Documentation,20
FL-0070,ENG-019,2026-03-01T10:34:00Z,40.8448,-73.8648,SITE-HS-004,Hub Site,Depart,0
FL-0071,ENG-021,2026-03-01T08:00:00Z,40.7357,-73.9911,SITE-UV-005,Underground Vault,Travel,0
FL-0072,ENG-021,2026-03-01T08:22:00Z,40.7259,-73.9898,SITE-UV-005,Underground Vault,Arrive,0
FL-0073,ENG-021,2026-03-01T08:24:00Z,40.7259,-73.9898,SITE-UV-005,Underground Vault,Work,45
FL-0074,ENG-021,2026-03-01T09:09:00Z,40.7259,-73.9898,SITE-UV-005,Underground Vault,Documentation,18
FL-0075,ENG-021,2026-03-01T09:27:00Z,40.7259,-73.9898,SITE-UV-005,Underground Vault,Depart,0
FL-0076,ENG-023,2026-03-01T08:00:00Z,40.7193,-73.9900,SITE-CB-013,Cabinet,Travel,0
FL-0077,ENG-023,2026-03-01T08:20:00Z,40.7128,-74.0060,SITE-CB-013,Cabinet,Arrive,0
FL-0078,ENG-023,2026-03-01T08:22:00Z,40.7128,-74.0060,SITE-CB-013,Cabinet,Work,35
FL-0079,ENG-023,2026-03-01T08:57:00Z,40.7128,-74.0060,SITE-CB-013,Cabinet,Documentation,12
FL-0080,ENG-023,2026-03-01T09:09:00Z,40.7128,-74.0060,SITE-CB-013,Cabinet,Depart,0
FL-0081,ENG-027,2026-03-01T09:00:00Z,40.7506,-73.8267,SITE-CP-010,Customer Premise,Travel,0
FL-0082,ENG-027,2026-03-01T09:25:00Z,40.7282,-73.7949,SITE-CP-010,Customer Premise,Arrive,0
FL-0083,ENG-027,2026-03-01T09:27:00Z,40.7282,-73.7949,SITE-CP-010,Customer Premise,Work,40
FL-0084,ENG-027,2026-03-01T10:07:00Z,40.7282,-73.7949,SITE-CP-010,Customer Premise,Documentation,15
FL-0085,ENG-027,2026-03-01T10:22:00Z,40.7282,-73.7949,SITE-CP-010,Customer Premise,Depart,0
FL-0086,ENG-007,2026-03-01T11:10:00Z,40.7410,-73.9897,SITE-AP-012,Aerial Pole,Travel,0
FL-0087,ENG-007,2026-03-01T11:32:00Z,40.7580,-73.9855,SITE-AP-012,Aerial Pole,Arrive,0
FL-0088,ENG-007,2026-03-01T11:34:00Z,40.7580,-73.9855,SITE-AP-012,Aerial Pole,Work,80
FL-0089,ENG-007,2026-03-01T12:54:00Z,40.7580,-73.9855,SITE-AP-012,Aerial Pole,Documentation,30
FL-0090,ENG-007,2026-03-01T13:24:00Z,40.7580,-73.9855,SITE-AP-012,Aerial Pole,Depart,0
FL-0091,ENG-009,2026-03-01T11:15:00Z,40.7946,-73.9680,SITE-CO-004,Central Office,Travel,0
FL-0092,ENG-009,2026-03-01T11:38:00Z,40.8176,-73.9482,SITE-CO-004,Central Office,Arrive,0
FL-0093,ENG-009,2026-03-01T11:40:00Z,40.8176,-73.9482,SITE-CO-004,Central Office,Work,50
FL-0094,ENG-009,2026-03-01T12:30:00Z,40.8176,-73.9482,SITE-CO-004,Central Office,Documentation,18
FL-0095,ENG-009,2026-03-01T12:48:00Z,40.8176,-73.9482,SITE-CO-004,Central Office,Depart,0
FL-0096,ENG-010,2026-03-01T09:15:00Z,40.6501,-73.9496,SITE-CT-008,Cell Tower,Travel,0
FL-0097,ENG-010,2026-03-01T09:45:00Z,40.6437,-73.7834,SITE-CT-008,Cell Tower,Arrive,0
FL-0098,ENG-010,2026-03-01T09:47:00Z,40.6437,-73.7834,SITE-CT-008,Cell Tower,Work,95
FL-0099,ENG-010,2026-03-01T11:22:00Z,40.6437,-73.7834,SITE-CT-008,Cell Tower,Documentation,32
FL-0100,ENG-010,2026-03-01T11:54:00Z,40.6437,-73.7834,SITE-CT-008,Cell Tower,Depart,0
FL-0101,ENG-015,2026-03-01T11:15:00Z,40.7488,-73.9856,SITE-UV-006,Underground Vault,Travel,0
FL-0102,ENG-015,2026-03-01T11:35:00Z,40.7527,-73.9772,SITE-UV-006,Underground Vault,Arrive,0
FL-0103,ENG-015,2026-03-01T11:37:00Z,40.7527,-73.9772,SITE-UV-006,Underground Vault,Work,48
FL-0104,ENG-015,2026-03-01T12:25:00Z,40.7527,-73.9772,SITE-UV-006,Underground Vault,Documentation,16
FL-0105,ENG-015,2026-03-01T12:41:00Z,40.7527,-73.9772,SITE-UV-006,Underground Vault,Depart,0
FL-0106,ENG-019,2026-03-01T10:50:00Z,40.8448,-73.8648,SITE-CB-014,Cabinet,Travel,0
FL-0107,ENG-019,2026-03-01T11:15:00Z,40.8296,-73.9262,SITE-CB-014,Cabinet,Arrive,0
FL-0108,ENG-019,2026-03-01T11:17:00Z,40.8296,-73.9262,SITE-CB-014,Cabinet,Work,30
FL-0109,ENG-019,2026-03-01T11:47:00Z,40.8296,-73.9262,SITE-CB-014,Cabinet,Documentation,10
FL-0110,ENG-019,2026-03-01T11:57:00Z,40.8296,-73.9262,SITE-CB-014,Cabinet,Depart,0
FL-0111,ENG-021,2026-03-01T09:45:00Z,40.7259,-73.9898,SITE-CP-011,Customer Premise,Travel,0
FL-0112,ENG-021,2026-03-01T10:08:00Z,40.7484,-73.9857,SITE-CP-011,Customer Premise,Arrive,0
FL-0113,ENG-021,2026-03-01T10:10:00Z,40.7484,-73.9857,SITE-CP-011,Customer Premise,Work,42
FL-0114,ENG-021,2026-03-01T10:52:00Z,40.7484,-73.9857,SITE-CP-011,Customer Premise,Documentation,15
FL-0115,ENG-021,2026-03-01T11:07:00Z,40.7484,-73.9857,SITE-CP-011,Customer Premise,Depart,0
FL-0116,ENG-023,2026-03-01T09:25:00Z,40.7128,-74.0060,SITE-HS-005,Hub Site,Travel,0
FL-0117,ENG-023,2026-03-01T09:52:00Z,40.6892,-74.0445,SITE-HS-005,Hub Site,Arrive,0
FL-0118,ENG-023,2026-03-01T09:54:00Z,40.6892,-74.0445,SITE-HS-005,Hub Site,Work,65
FL-0119,ENG-023,2026-03-01T10:59:00Z,40.6892,-74.0445,SITE-HS-005,Hub Site,Documentation,22
FL-0120,ENG-023,2026-03-01T11:21:00Z,40.6892,-74.0445,SITE-HS-005,Hub Site,Depart,0
FL-0121,ENG-027,2026-03-01T10:40:00Z,40.7282,-73.7949,SITE-CO-005,Central Office,Travel,0
FL-0122,ENG-027,2026-03-01T11:05:00Z,40.7061,-73.6187,SITE-CO-005,Central Office,Arrive,0
FL-0123,ENG-027,2026-03-01T11:07:00Z,40.7061,-73.6187,SITE-CO-005,Central Office,Work,55
FL-0124,ENG-027,2026-03-01T12:02:00Z,40.7061,-73.6187,SITE-CO-005,Central Office,Documentation,20
FL-0125,ENG-027,2026-03-01T12:22:00Z,40.7061,-73.6187,SITE-CO-005,Central Office,Depart,0
FL-0126,ENG-007,2026-03-02T06:05:00Z,40.7128,-74.0060,SITE-CT-009,Cell Tower,Travel,0
FL-0127,ENG-007,2026-03-02T06:32:00Z,40.7484,-73.9857,SITE-CT-009,Cell Tower,Arrive,0
FL-0128,ENG-007,2026-03-02T06:34:00Z,40.7484,-73.9857,SITE-CT-009,Cell Tower,Work,70
FL-0129,ENG-007,2026-03-02T07:44:00Z,40.7484,-73.9857,SITE-CT-009,Cell Tower,Documentation,25
FL-0130,ENG-007,2026-03-02T08:09:00Z,40.7484,-73.9857,SITE-CT-009,Cell Tower,Depart,0
FL-0131,ENG-009,2026-03-02T06:10:00Z,40.7580,-73.9855,SITE-UV-007,Underground Vault,Travel,0
FL-0132,ENG-009,2026-03-02T06:28:00Z,40.7489,-73.9680,SITE-UV-007,Underground Vault,Arrive,0
FL-0133,ENG-009,2026-03-02T06:30:00Z,40.7489,-73.9680,SITE-UV-007,Underground Vault,Work,58
FL-0134,ENG-009,2026-03-02T07:28:00Z,40.7489,-73.9680,SITE-UV-007,Underground Vault,Documentation,20
FL-0135,ENG-009,2026-03-02T07:48:00Z,40.7489,-73.9680,SITE-UV-007,Underground Vault,Depart,0
FL-0136,ENG-010,2026-03-02T06:08:00Z,40.6892,-74.0445,SITE-AP-013,Aerial Pole,Travel,0
FL-0137,ENG-010,2026-03-02T06:35:00Z,40.6782,-73.9442,SITE-AP-013,Aerial Pole,Arrive,0
FL-0138,ENG-010,2026-03-02T06:37:00Z,40.6782,-73.9442,SITE-AP-013,Aerial Pole,Work,72
FL-0139,ENG-010,2026-03-02T07:49:00Z,40.6782,-73.9442,SITE-AP-013,Aerial Pole,Documentation,24
FL-0140,ENG-010,2026-03-02T08:13:00Z,40.6782,-73.9442,SITE-AP-013,Aerial Pole,Depart,0
FL-0141,ENG-015,2026-03-02T06:15:00Z,40.7484,-73.9857,SITE-HS-006,Hub Site,Travel,0
FL-0142,ENG-015,2026-03-02T06:38:00Z,40.7614,-73.9776,SITE-HS-006,Hub Site,Arrive,0
FL-0143,ENG-015,2026-03-02T06:40:00Z,40.7614,-73.9776,SITE-HS-006,Hub Site,Work,48
FL-0144,ENG-015,2026-03-02T07:28:00Z,40.7614,-73.9776,SITE-HS-006,Hub Site,Documentation,16
FL-0145,ENG-015,2026-03-02T07:44:00Z,40.7614,-73.9776,SITE-HS-006,Hub Site,Depart,0
FL-0146,ENG-019,2026-03-02T06:20:00Z,40.7527,-73.9772,SITE-CO-006,Central Office,Travel,0
FL-0147,ENG-019,2026-03-02T06:42:00Z,40.7193,-73.9900,SITE-CO-006,Central Office,Arrive,0
FL-0148,ENG-019,2026-03-02T06:44:00Z,40.7193,-73.9900,SITE-CO-006,Central Office,Work,62
FL-0149,ENG-019,2026-03-02T07:46:00Z,40.7193,-73.9900,SITE-CO-006,Central Office,Documentation,22
FL-0150,ENG-019,2026-03-02T08:08:00Z,40.7193,-73.9900,SITE-CO-006,Central Office,Depart,0
FL-0151,ENG-021,2026-03-02T06:18:00Z,40.7357,-73.9911,SITE-CB-015,Cabinet,Travel,0
FL-0152,ENG-021,2026-03-02T06:40:00Z,40.7305,-74.0702,SITE-CB-015,Cabinet,Arrive,0
FL-0153,ENG-021,2026-03-02T06:42:00Z,40.7305,-74.0702,SITE-CB-015,Cabinet,Work,38
FL-0154,ENG-021,2026-03-02T07:20:00Z,40.7305,-74.0702,SITE-CB-015,Cabinet,Documentation,14
FL-0155,ENG-021,2026-03-02T07:34:00Z,40.7305,-74.0702,SITE-CB-015,Cabinet,Depart,0
FL-0156,ENG-023,2026-03-02T06:12:00Z,40.7061,-73.9969,SITE-CT-010,Cell Tower,Travel,0
FL-0157,ENG-023,2026-03-02T06:38:00Z,40.7128,-74.0060,SITE-CT-010,Cell Tower,Arrive,0
FL-0158,ENG-023,2026-03-02T06:40:00Z,40.7128,-74.0060,SITE-CT-010,Cell Tower,Work,88
FL-0159,ENG-023,2026-03-02T08:08:00Z,40.7128,-74.0060,SITE-CT-010,Cell Tower,Documentation,30
FL-0160,ENG-023,2026-03-02T08:38:00Z,40.7128,-74.0060,SITE-CT-010,Cell Tower,Depart,0
FL-0161,ENG-027,2026-03-02T06:15:00Z,40.7282,-73.7949,SITE-UV-008,Underground Vault,Travel,0
FL-0162,ENG-027,2026-03-02T06:42:00Z,40.7506,-73.8267,SITE-UV-008,Underground Vault,Arrive,0
FL-0163,ENG-027,2026-03-02T06:44:00Z,40.7506,-73.8267,SITE-UV-008,Underground Vault,Work,52
FL-0164,ENG-027,2026-03-02T07:36:00Z,40.7506,-73.8267,SITE-UV-008,Underground Vault,Documentation,18
FL-0165,ENG-027,2026-03-02T07:54:00Z,40.7506,-73.8267,SITE-UV-008,Underground Vault,Depart,0
FL-0166,ENG-007,2026-03-02T08:25:00Z,40.7484,-73.9857,SITE-CP-012,Customer Premise,Travel,0
FL-0167,ENG-007,2026-03-02T08:50:00Z,40.7820,-73.9654,SITE-CP-012,Customer Premise,Arrive,0
FL-0168,ENG-007,2026-03-02T08:52:00Z,40.7820,-73.9654,SITE-CP-012,Customer Premise,Work,35
FL-0169,ENG-007,2026-03-02T09:27:00Z,40.7820,-73.9654,SITE-CP-012,Customer Premise,Documentation,12
FL-0170,ENG-007,2026-03-02T09:39:00Z,40.7820,-73.9654,SITE-CP-012,Customer Premise,Depart,0
FL-0171,ENG-009,2026-03-02T08:05:00Z,40.7489,-73.9680,SITE-HS-007,Hub Site,Travel,0
FL-0172,ENG-009,2026-03-02T08:28:00Z,40.7831,-73.9712,SITE-HS-007,Hub Site,Arrive,0
FL-0173,ENG-009,2026-03-02T08:30:00Z,40.7831,-73.9712,SITE-HS-007,Hub Site,Work,55
FL-0174,ENG-009,2026-03-02T09:25:00Z,40.7831,-73.9712,SITE-HS-007,Hub Site,Documentation,20
FL-0175,ENG-009,2026-03-02T09:45:00Z,40.7831,-73.9712,SITE-HS-007,Hub Site,Depart,0
FL-0176,ENG-010,2026-03-02T08:30:00Z,40.6782,-73.9442,SITE-CO-007,Central Office,Travel,0
FL-0177,ENG-010,2026-03-02T08:55:00Z,40.6501,-73.9496,SITE-CO-007,Central Office,Arrive,0
FL-0178,ENG-010,2026-03-02T08:57:00Z,40.6501,-73.9496,SITE-CO-007,Central Office,Work,45
FL-0179,ENG-010,2026-03-02T09:42:00Z,40.6501,-73.9496,SITE-CO-007,Central Office,Documentation,16
FL-0180,ENG-010,2026-03-02T09:58:00Z,40.6501,-73.9496,SITE-CO-007,Central Office,Depart,0
FL-0181,ENG-015,2026-03-02T08:00:00Z,40.7614,-73.9776,SITE-AP-014,Aerial Pole,Travel,0
FL-0182,ENG-015,2026-03-02T08:25:00Z,40.7946,-73.9680,SITE-AP-014,Aerial Pole,Arrive,0
FL-0183,ENG-015,2026-03-02T08:27:00Z,40.7946,-73.9680,SITE-AP-014,Aerial Pole,Work,68
FL-0184,ENG-015,2026-03-02T09:35:00Z,40.7946,-73.9680,SITE-AP-014,Aerial Pole,Documentation,24
FL-0185,ENG-015,2026-03-02T09:59:00Z,40.7946,-73.9680,SITE-AP-014,Aerial Pole,Depart,0
FL-0186,ENG-019,2026-03-02T08:25:00Z,40.7193,-73.9900,SITE-UV-009,Underground Vault,Travel,0
FL-0187,ENG-019,2026-03-02T08:48:00Z,40.7282,-74.0776,SITE-UV-009,Underground Vault,Arrive,0
FL-0188,ENG-019,2026-03-02T08:50:00Z,40.7282,-74.0776,SITE-UV-009,Underground Vault,Work,42
FL-0189,ENG-019,2026-03-02T09:32:00Z,40.7282,-74.0776,SITE-UV-009,Underground Vault,Documentation,15
FL-0190,ENG-019,2026-03-02T09:47:00Z,40.7282,-74.0776,SITE-UV-009,Underground Vault,Depart,0
FL-0191,ENG-021,2026-03-02T07:50:00Z,40.7305,-74.0702,SITE-CT-011,Cell Tower,Travel,0
FL-0192,ENG-021,2026-03-02T08:18:00Z,40.7410,-73.9897,SITE-CT-011,Cell Tower,Arrive,0
FL-0193,ENG-021,2026-03-02T08:20:00Z,40.7410,-73.9897,SITE-CT-011,Cell Tower,Work,78
FL-0194,ENG-021,2026-03-02T09:38:00Z,40.7410,-73.9897,SITE-CT-011,Cell Tower,Documentation,26
FL-0195,ENG-021,2026-03-02T10:04:00Z,40.7410,-73.9897,SITE-CT-011,Cell Tower,Depart,0
FL-0196,ENG-023,2026-03-02T08:55:00Z,40.7128,-74.0060,SITE-CB-016,Cabinet,Travel,0
FL-0197,ENG-023,2026-03-02T09:15:00Z,40.7061,-73.9969,SITE-CB-016,Cabinet,Arrive,0
FL-0198,ENG-023,2026-03-02T09:17:00Z,40.7061,-73.9969,SITE-CB-016,Cabinet,Work,32
FL-0199,ENG-023,2026-03-02T09:49:00Z,40.7061,-73.9969,SITE-CB-016,Cabinet,Documentation,10
FL-0200,ENG-023,2026-03-02T09:59:00Z,40.7061,-73.9969,SITE-CB-016,Cabinet,Depart,0
FL-0201,ENG-027,2026-03-02T08:10:00Z,40.7506,-73.8267,SITE-HS-008,Hub Site,Travel,0
FL-0202,ENG-027,2026-03-02T08:38:00Z,40.7282,-73.7949,SITE-HS-008,Hub Site,Arrive,0
FL-0203,ENG-027,2026-03-02T08:40:00Z,40.7282,-73.7949,SITE-HS-008,Hub Site,Work,50
FL-0204,ENG-027,2026-03-02T09:30:00Z,40.7282,-73.7949,SITE-HS-008,Hub Site,Documentation,18
FL-0205,ENG-027,2026-03-02T09:48:00Z,40.7282,-73.7949,SITE-HS-008,Hub Site,Depart,0
FL-0206,ENG-007,2026-03-03T06:00:00Z,40.7128,-74.0060,SITE-HS-009,Hub Site,Travel,0
FL-0207,ENG-007,2026-03-03T06:25:00Z,40.7450,-74.0320,SITE-HS-009,Hub Site,Arrive,0
FL-0208,ENG-007,2026-03-03T06:27:00Z,40.7450,-74.0320,SITE-HS-009,Hub Site,Work,58
FL-0209,ENG-007,2026-03-03T07:25:00Z,40.7450,-74.0320,SITE-HS-009,Hub Site,Documentation,20
FL-0210,ENG-007,2026-03-03T07:45:00Z,40.7450,-74.0320,SITE-HS-009,Hub Site,Depart,0
FL-0211,ENG-009,2026-03-03T06:08:00Z,40.7580,-73.9855,SITE-CB-017,Cabinet,Travel,0
FL-0212,ENG-009,2026-03-03T06:30:00Z,40.7946,-73.9680,SITE-CB-017,Cabinet,Arrive,0
FL-0213,ENG-009,2026-03-03T06:32:00Z,40.7946,-73.9680,SITE-CB-017,Cabinet,Work,35
FL-0214,ENG-009,2026-03-03T07:07:00Z,40.7946,-73.9680,SITE-CB-017,Cabinet,Documentation,12
FL-0215,ENG-009,2026-03-03T07:19:00Z,40.7946,-73.9680,SITE-CB-017,Cabinet,Depart,0
FL-0216,ENG-010,2026-03-03T06:12:00Z,40.6892,-74.0445,SITE-CO-008,Central Office,Travel,0
FL-0217,ENG-010,2026-03-03T06:38:00Z,40.6437,-73.7834,SITE-CO-008,Central Office,Arrive,0
FL-0218,ENG-010,2026-03-03T06:40:00Z,40.6437,-73.7834,SITE-CO-008,Central Office,Work,65
FL-0219,ENG-010,2026-03-03T07:45:00Z,40.6437,-73.7834,SITE-CO-008,Central Office,Documentation,22
FL-0220,ENG-010,2026-03-03T08:07:00Z,40.6437,-73.7834,SITE-CO-008,Central Office,Depart,0
FL-0221,ENG-015,2026-03-03T06:10:00Z,40.7484,-73.9857,SITE-UV-010,Underground Vault,Travel,0
FL-0222,ENG-015,2026-03-03T06:32:00Z,40.7527,-73.9772,SITE-UV-010,Underground Vault,Arrive,0
FL-0223,ENG-015,2026-03-03T06:34:00Z,40.7527,-73.9772,SITE-UV-010,Underground Vault,Work,48
FL-0224,ENG-015,2026-03-03T07:22:00Z,40.7527,-73.9772,SITE-UV-010,Underground Vault,Documentation,16
FL-0225,ENG-015,2026-03-03T07:38:00Z,40.7527,-73.9772,SITE-UV-010,Underground Vault,Depart,0
FL-0226,ENG-019,2026-03-03T06:18:00Z,40.7527,-73.9772,SITE-AP-015,Aerial Pole,Travel,0
FL-0227,ENG-019,2026-03-03T06:45:00Z,40.8075,-73.9626,SITE-AP-015,Aerial Pole,Arrive,0
FL-0228,ENG-019,2026-03-03T06:47:00Z,40.8075,-73.9626,SITE-AP-015,Aerial Pole,Work,82
FL-0229,ENG-019,2026-03-03T08:09:00Z,40.8075,-73.9626,SITE-AP-015,Aerial Pole,Documentation,28
FL-0230,ENG-019,2026-03-03T08:37:00Z,40.8075,-73.9626,SITE-AP-015,Aerial Pole,Depart,0
FL-0231,ENG-021,2026-03-03T06:15:00Z,40.7357,-73.9911,SITE-CP-013,Customer Premise,Travel,0
FL-0232,ENG-021,2026-03-03T06:40:00Z,40.7259,-73.9898,SITE-CP-013,Customer Premise,Arrive,0
FL-0233,ENG-021,2026-03-03T06:42:00Z,40.7259,-73.9898,SITE-CP-013,Customer Premise,Work,38
FL-0234,ENG-021,2026-03-03T07:20:00Z,40.7259,-73.9898,SITE-CP-013,Customer Premise,Documentation,14
FL-0235,ENG-021,2026-03-03T07:34:00Z,40.7259,-73.9898,SITE-CP-013,Customer Premise,Depart,0
FL-0236,ENG-023,2026-03-03T06:05:00Z,40.7061,-73.9969,SITE-CT-012,Cell Tower,Travel,0
FL-0237,ENG-023,2026-03-03T06:32:00Z,40.7193,-73.9900,SITE-CT-012,Cell Tower,Arrive,0
FL-0238,ENG-023,2026-03-03T06:34:00Z,40.7193,-73.9900,SITE-CT-012,Cell Tower,Work,75
FL-0239,ENG-023,2026-03-03T07:49:00Z,40.7193,-73.9900,SITE-CT-012,Cell Tower,Documentation,25
FL-0240,ENG-023,2026-03-03T08:14:00Z,40.7193,-73.9900,SITE-CT-012,Cell Tower,Depart,0
FL-0241,ENG-027,2026-03-03T06:10:00Z,40.7282,-73.7949,SITE-AP-016,Aerial Pole,Travel,0
FL-0242,ENG-027,2026-03-03T06:38:00Z,40.7061,-73.6187,SITE-AP-016,Aerial Pole,Arrive,0
FL-0243,ENG-027,2026-03-03T06:40:00Z,40.7061,-73.6187,SITE-AP-016,Aerial Pole,Work,70
FL-0244,ENG-027,2026-03-03T07:50:00Z,40.7061,-73.6187,SITE-AP-016,Aerial Pole,Documentation,24
FL-0245,ENG-027,2026-03-03T08:14:00Z,40.7061,-73.6187,SITE-AP-016,Aerial Pole,Depart,0
FL-0246,ENG-007,2026-03-03T08:00:00Z,40.7450,-74.0320,SITE-CP-014,Customer Premise,Travel,0
FL-0247,ENG-007,2026-03-03T08:25:00Z,40.7580,-73.9855,SITE-CP-014,Customer Premise,Arrive,0
FL-0248,ENG-007,2026-03-03T08:27:00Z,40.7580,-73.9855,SITE-CP-014,Customer Premise,Work,30
FL-0249,ENG-007,2026-03-03T08:57:00Z,40.7580,-73.9855,SITE-CP-014,Customer Premise,Documentation,10
FL-0250,ENG-007,2026-03-03T09:07:00Z,40.7580,-73.9855,SITE-CP-014,Customer Premise,Depart,0
FL-0251,ENG-009,2026-03-03T07:35:00Z,40.7946,-73.9680,SITE-CO-009,Central Office,Travel,0
FL-0252,ENG-009,2026-03-03T08:00:00Z,40.8176,-73.9482,SITE-CO-009,Central Office,Arrive,0
FL-0253,ENG-009,2026-03-03T08:02:00Z,40.8176,-73.9482,SITE-CO-009,Central Office,Work,52
FL-0254,ENG-009,2026-03-03T08:54:00Z,40.8176,-73.9482,SITE-CO-009,Central Office,Documentation,18
FL-0255,ENG-009,2026-03-03T09:12:00Z,40.8176,-73.9482,SITE-CO-009,Central Office,Depart,0
FL-0256,ENG-010,2026-03-03T08:25:00Z,40.6437,-73.7834,SITE-UV-011,Underground Vault,Travel,0
FL-0257,ENG-010,2026-03-03T08:52:00Z,40.6782,-73.9442,SITE-UV-011,Underground Vault,Arrive,0
FL-0258,ENG-010,2026-03-03T08:54:00Z,40.6782,-73.9442,SITE-UV-011,Underground Vault,Work,40
FL-0259,ENG-010,2026-03-03T09:34:00Z,40.6782,-73.9442,SITE-UV-011,Underground Vault,Documentation,14
FL-0260,ENG-010,2026-03-03T09:48:00Z,40.6782,-73.9442,SITE-UV-011,Underground Vault,Depart,0
FL-0261,ENG-015,2026-03-03T08:00:00Z,40.7527,-73.9772,SITE-CT-013,Cell Tower,Travel,0
FL-0262,ENG-015,2026-03-03T08:28:00Z,40.7614,-73.9776,SITE-CT-013,Cell Tower,Arrive,0
FL-0263,ENG-015,2026-03-03T08:30:00Z,40.7614,-73.9776,SITE-CT-013,Cell Tower,Work,85
FL-0264,ENG-015,2026-03-03T09:55:00Z,40.7614,-73.9776,SITE-CT-013,Cell Tower,Documentation,28
FL-0265,ENG-015,2026-03-03T10:23:00Z,40.7614,-73.9776,SITE-CT-013,Cell Tower,Depart,0
FL-0266,ENG-019,2026-03-03T08:52:00Z,40.8075,-73.9626,SITE-HS-010,Hub Site,Travel,0
FL-0267,ENG-019,2026-03-03T09:18:00Z,40.8448,-73.8648,SITE-HS-010,Hub Site,Arrive,0
FL-0268,ENG-019,2026-03-03T09:20:00Z,40.8448,-73.8648,SITE-HS-010,Hub Site,Work,45
FL-0269,ENG-019,2026-03-03T10:05:00Z,40.8448,-73.8648,SITE-HS-010,Hub Site,Documentation,15
FL-0270,ENG-019,2026-03-03T10:20:00Z,40.8448,-73.8648,SITE-HS-010,Hub Site,Depart,0
FL-0271,ENG-021,2026-03-03T07:50:00Z,40.7259,-73.9898,SITE-CO-010,Central Office,Travel,0
FL-0272,ENG-021,2026-03-03T08:15:00Z,40.7484,-73.9857,SITE-CO-010,Central Office,Arrive,0
FL-0273,ENG-021,2026-03-03T08:17:00Z,40.7484,-73.9857,SITE-CO-010,Central Office,Work,60
FL-0274,ENG-021,2026-03-03T09:17:00Z,40.7484,-73.9857,SITE-CO-010,Central Office,Documentation,22
FL-0275,ENG-021,2026-03-03T09:39:00Z,40.7484,-73.9857,SITE-CO-010,Central Office,Depart,0
FL-0276,ENG-023,2026-03-03T08:30:00Z,40.7193,-73.9900,SITE-UV-012,Underground Vault,Travel,0
FL-0277,ENG-023,2026-03-03T08:52:00Z,40.7128,-74.0060,SITE-UV-012,Underground Vault,Arrive,0
FL-0278,ENG-023,2026-03-03T08:54:00Z,40.7128,-74.0060,SITE-UV-012,Underground Vault,Work,55
FL-0279,ENG-023,2026-03-03T09:49:00Z,40.7128,-74.0060,SITE-UV-012,Underground Vault,Documentation,20
FL-0280,ENG-023,2026-03-03T10:09:00Z,40.7128,-74.0060,SITE-UV-012,Underground Vault,Depart,0
FL-0281,ENG-027,2026-03-03T08:30:00Z,40.7061,-73.6187,SITE-CB-018,Cabinet,Travel,0
FL-0282,ENG-027,2026-03-03T08:58:00Z,40.7506,-73.8267,SITE-CB-018,Cabinet,Arrive,0
FL-0283,ENG-027,2026-03-03T09:00:00Z,40.7506,-73.8267,SITE-CB-018,Cabinet,Work,32
FL-0284,ENG-027,2026-03-03T09:32:00Z,40.7506,-73.8267,SITE-CB-018,Cabinet,Documentation,10
FL-0285,ENG-027,2026-03-03T09:42:00Z,40.7506,-73.8267,SITE-CB-018,Cabinet,Depart,0
FL-0286,ENG-007,2026-03-04T06:05:00Z,40.7128,-74.0060,SITE-AP-017,Aerial Pole,Travel,0
FL-0287,ENG-007,2026-03-04T06:30:00Z,40.7282,-74.0776,SITE-AP-017,Aerial Pole,Arrive,0
FL-0288,ENG-007,2026-03-04T06:32:00Z,40.7282,-74.0776,SITE-AP-017,Aerial Pole,Work,78
FL-0289,ENG-007,2026-03-04T07:50:00Z,40.7282,-74.0776,SITE-AP-017,Aerial Pole,Documentation,26
FL-0290,ENG-007,2026-03-04T08:16:00Z,40.7282,-74.0776,SITE-AP-017,Aerial Pole,Depart,0
FL-0291,ENG-009,2026-03-04T06:10:00Z,40.7580,-73.9855,SITE-CP-015,Customer Premise,Travel,0
FL-0292,ENG-009,2026-03-04T06:35:00Z,40.7831,-73.9712,SITE-CP-015,Customer Premise,Arrive,0
FL-0293,ENG-009,2026-03-04T06:37:00Z,40.7831,-73.9712,SITE-CP-015,Customer Premise,Work,42
FL-0294,ENG-009,2026-03-04T07:19:00Z,40.7831,-73.9712,SITE-CP-015,Customer Premise,Documentation,14
FL-0295,ENG-009,2026-03-04T07:33:00Z,40.7831,-73.9712,SITE-CP-015,Customer Premise,Depart,0
FL-0296,ENG-010,2026-03-04T06:08:00Z,40.6892,-74.0445,SITE-HS-011,Hub Site,Travel,0
FL-0297,ENG-010,2026-03-04T06:35:00Z,40.6782,-73.9442,SITE-HS-011,Hub Site,Arrive,0
FL-0298,ENG-010,2026-03-04T06:37:00Z,40.6782,-73.9442,SITE-HS-011,Hub Site,Work,55
FL-0299,ENG-010,2026-03-04T07:32:00Z,40.6782,-73.9442,SITE-HS-011,Hub Site,Documentation,20
FL-0300,ENG-010,2026-03-04T07:52:00Z,40.6782,-73.9442,SITE-HS-011,Hub Site,Depart,0
FL-0301,ENG-015,2026-03-04T06:15:00Z,40.7484,-73.9857,SITE-CO-011,Central Office,Travel,0
FL-0302,ENG-015,2026-03-04T06:38:00Z,40.7488,-73.9856,SITE-CO-011,Central Office,Arrive,0
FL-0303,ENG-015,2026-03-04T06:40:00Z,40.7488,-73.9856,SITE-CO-011,Central Office,Work,68
FL-0304,ENG-015,2026-03-04T07:48:00Z,40.7488,-73.9856,SITE-CO-011,Central Office,Documentation,24
FL-0305,ENG-015,2026-03-04T08:12:00Z,40.7488,-73.9856,SITE-CO-011,Central Office,Depart,0
FL-0306,ENG-019,2026-03-04T06:20:00Z,40.7527,-73.9772,SITE-CB-019,Cabinet,Travel,0
FL-0307,ENG-019,2026-03-04T06:42:00Z,40.8296,-73.9262,SITE-CB-019,Cabinet,Arrive,0
FL-0308,ENG-019,2026-03-04T06:44:00Z,40.8296,-73.9262,SITE-CB-019,Cabinet,Work,36
FL-0309,ENG-019,2026-03-04T07:20:00Z,40.8296,-73.9262,SITE-CB-019,Cabinet,Documentation,12
FL-0310,ENG-019,2026-03-04T07:32:00Z,40.8296,-73.9262,SITE-CB-019,Cabinet,Depart,0
FL-0311,ENG-021,2026-03-04T06:18:00Z,40.7357,-73.9911,SITE-UV-013,Underground Vault,Travel,0
FL-0312,ENG-021,2026-03-04T06:42:00Z,40.7305,-74.0702,SITE-UV-013,Underground Vault,Arrive,0
FL-0313,ENG-021,2026-03-04T06:44:00Z,40.7305,-74.0702,SITE-UV-013,Underground Vault,Work,50
FL-0314,ENG-021,2026-03-04T07:34:00Z,40.7305,-74.0702,SITE-UV-013,Underground Vault,Documentation,18
FL-0315,ENG-021,2026-03-04T07:52:00Z,40.7305,-74.0702,SITE-UV-013,Underground Vault,Depart,0
FL-0316,ENG-023,2026-03-04T06:12:00Z,40.7061,-73.9969,SITE-HS-012,Hub Site,Travel,0
FL-0317,ENG-023,2026-03-04T06:38:00Z,40.6892,-74.0445,SITE-HS-012,Hub Site,Arrive,0
FL-0318,ENG-023,2026-03-04T06:40:00Z,40.6892,-74.0445,SITE-HS-012,Hub Site,Work,62
FL-0319,ENG-023,2026-03-04T07:42:00Z,40.6892,-74.0445,SITE-HS-012,Hub Site,Documentation,22
FL-0320,ENG-023,2026-03-04T08:04:00Z,40.6892,-74.0445,SITE-HS-012,Hub Site,Depart,0
FL-0321,ENG-027,2026-03-04T06:15:00Z,40.7282,-73.7949,SITE-CT-014,Cell Tower,Travel,0
FL-0322,ENG-027,2026-03-04T06:42:00Z,40.7061,-73.6187,SITE-CT-014,Cell Tower,Arrive,0
FL-0323,ENG-027,2026-03-04T06:44:00Z,40.7061,-73.6187,SITE-CT-014,Cell Tower,Work,92
FL-0324,ENG-027,2026-03-04T08:16:00Z,40.7061,-73.6187,SITE-CT-014,Cell Tower,Documentation,30
FL-0325,ENG-027,2026-03-04T08:46:00Z,40.7061,-73.6187,SITE-CT-014,Cell Tower,Depart,0
FL-0326,ENG-007,2026-03-04T08:32:00Z,40.7282,-74.0776,SITE-CO-012,Central Office,Travel,0
FL-0327,ENG-007,2026-03-04T08:55:00Z,40.7450,-74.0320,SITE-CO-012,Central Office,Arrive,0
FL-0328,ENG-007,2026-03-04T08:57:00Z,40.7450,-74.0320,SITE-CO-012,Central Office,Work,45
FL-0329,ENG-007,2026-03-04T09:42:00Z,40.7450,-74.0320,SITE-CO-012,Central Office,Documentation,16
FL-0330,ENG-007,2026-03-04T09:58:00Z,40.7450,-74.0320,SITE-CO-012,Central Office,Depart,0
FL-0331,ENG-009,2026-03-04T07:50:00Z,40.7831,-73.9712,SITE-CT-015,Cell Tower,Travel,0
FL-0332,ENG-009,2026-03-04T08:18:00Z,40.7946,-73.9680,SITE-CT-015,Cell Tower,Arrive,0
FL-0333,ENG-009,2026-03-04T08:20:00Z,40.7946,-73.9680,SITE-CT-015,Cell Tower,Work,80
FL-0334,ENG-009,2026-03-04T09:40:00Z,40.7946,-73.9680,SITE-CT-015,Cell Tower,Documentation,28
FL-0335,ENG-009,2026-03-04T10:08:00Z,40.7946,-73.9680,SITE-CT-015,Cell Tower,Depart,0
FL-0336,ENG-010,2026-03-04T08:10:00Z,40.6782,-73.9442,SITE-CP-016,Customer Premise,Travel,0
FL-0337,ENG-010,2026-03-04T08:38:00Z,40.6501,-73.9496,SITE-CP-016,Customer Premise,Arrive,0
FL-0338,ENG-010,2026-03-04T08:40:00Z,40.6501,-73.9496,SITE-CP-016,Customer Premise,Work,36
FL-0339,ENG-010,2026-03-04T09:16:00Z,40.6501,-73.9496,SITE-CP-016,Customer Premise,Documentation,12
FL-0340,ENG-010,2026-03-04T09:28:00Z,40.6501,-73.9496,SITE-CP-016,Customer Premise,Depart,0
FL-0341,ENG-015,2026-03-04T08:28:00Z,40.7488,-73.9856,SITE-AP-018,Aerial Pole,Travel,0
FL-0342,ENG-015,2026-03-04T08:52:00Z,40.7614,-73.9776,SITE-AP-018,Aerial Pole,Arrive,0
FL-0343,ENG-015,2026-03-04T08:54:00Z,40.7614,-73.9776,SITE-AP-018,Aerial Pole,Work,72
FL-0344,ENG-015,2026-03-04T10:06:00Z,40.7614,-73.9776,SITE-AP-018,Aerial Pole,Documentation,25
FL-0345,ENG-015,2026-03-04T10:31:00Z,40.7614,-73.9776,SITE-AP-018,Aerial Pole,Depart,0
FL-0346,ENG-019,2026-03-04T07:48:00Z,40.8296,-73.9262,SITE-UV-014,Underground Vault,Travel,0
FL-0347,ENG-019,2026-03-04T08:12:00Z,40.8075,-73.9626,SITE-UV-014,Underground Vault,Arrive,0
FL-0348,ENG-019,2026-03-04T08:14:00Z,40.8075,-73.9626,SITE-UV-014,Underground Vault,Work,58
FL-0349,ENG-019,2026-03-04T09:12:00Z,40.8075,-73.9626,SITE-UV-014,Underground Vault,Documentation,20
FL-0350,ENG-019,2026-03-04T09:32:00Z,40.8075,-73.9626,SITE-UV-014,Underground Vault,Depart,0
FL-0351,ENG-021,2026-03-04T08:08:00Z,40.7305,-74.0702,SITE-CT-016,Cell Tower,Travel,0
FL-0352,ENG-021,2026-03-04T08:35:00Z,40.7410,-73.9897,SITE-CT-016,Cell Tower,Arrive,0
FL-0353,ENG-021,2026-03-04T08:37:00Z,40.7410,-73.9897,SITE-CT-016,Cell Tower,Work,88
FL-0354,ENG-021,2026-03-04T10:05:00Z,40.7410,-73.9897,SITE-CT-016,Cell Tower,Documentation,30
FL-0355,ENG-021,2026-03-04T10:35:00Z,40.7410,-73.9897,SITE-CT-016,Cell Tower,Depart,0
FL-0356,ENG-023,2026-03-04T08:20:00Z,40.6892,-74.0445,SITE-CP-017,Customer Premise,Travel,0
FL-0357,ENG-023,2026-03-04T08:48:00Z,40.7193,-73.9900,SITE-CP-017,Customer Premise,Arrive,0
FL-0358,ENG-023,2026-03-04T08:50:00Z,40.7193,-73.9900,SITE-CP-017,Customer Premise,Work,30
FL-0359,ENG-023,2026-03-04T09:20:00Z,40.7193,-73.9900,SITE-CP-017,Customer Premise,Documentation,10
FL-0360,ENG-023,2026-03-04T09:30:00Z,40.7193,-73.9900,SITE-CP-017,Customer Premise,Depart,0
FL-0361,ENG-027,2026-03-04T09:02:00Z,40.7061,-73.6187,SITE-HS-013,Hub Site,Travel,0
FL-0362,ENG-027,2026-03-04T09:28:00Z,40.7282,-73.7949,SITE-HS-013,Hub Site,Arrive,0
FL-0363,ENG-027,2026-03-04T09:30:00Z,40.7282,-73.7949,SITE-HS-013,Hub Site,Work,55
FL-0364,ENG-027,2026-03-04T10:25:00Z,40.7282,-73.7949,SITE-HS-013,Hub Site,Documentation,20
FL-0365,ENG-027,2026-03-04T10:45:00Z,40.7282,-73.7949,SITE-HS-013,Hub Site,Depart,0
FL-0366,ENG-007,2026-03-05T06:08:00Z,40.7128,-74.0060,SITE-UV-015,Underground Vault,Travel,0
FL-0367,ENG-007,2026-03-05T06:32:00Z,40.7410,-73.9897,SITE-UV-015,Underground Vault,Arrive,0
FL-0368,ENG-007,2026-03-05T06:34:00Z,40.7410,-73.9897,SITE-UV-015,Underground Vault,Work,62
FL-0369,ENG-007,2026-03-05T07:36:00Z,40.7410,-73.9897,SITE-UV-015,Underground Vault,Documentation,22
FL-0370,ENG-007,2026-03-05T07:58:00Z,40.7410,-73.9897,SITE-UV-015,Underground Vault,Depart,0
FL-0371,ENG-009,2026-03-05T06:05:00Z,40.7580,-73.9855,SITE-HS-014,Hub Site,Travel,0
FL-0372,ENG-009,2026-03-05T06:30:00Z,40.8176,-73.9482,SITE-HS-014,Hub Site,Arrive,0
FL-0373,ENG-009,2026-03-05T06:32:00Z,40.8176,-73.9482,SITE-HS-014,Hub Site,Work,50
FL-0374,ENG-009,2026-03-05T07:22:00Z,40.8176,-73.9482,SITE-HS-014,Hub Site,Documentation,18
FL-0375,ENG-009,2026-03-05T07:40:00Z,40.8176,-73.9482,SITE-HS-014,Hub Site,Depart,0
FL-0376,ENG-010,2026-03-05T06:12:00Z,40.6892,-74.0445,SITE-CB-020,Cabinet,Travel,0
FL-0377,ENG-010,2026-03-05T06:38:00Z,40.6437,-73.7834,SITE-CB-020,Cabinet,Arrive,0
FL-0378,ENG-010,2026-03-05T06:40:00Z,40.6437,-73.7834,SITE-CB-020,Cabinet,Work,38
FL-0379,ENG-010,2026-03-05T07:18:00Z,40.6437,-73.7834,SITE-CB-020,Cabinet,Documentation,14
FL-0380,ENG-010,2026-03-05T07:32:00Z,40.6437,-73.7834,SITE-CB-020,Cabinet,Depart,0
FL-0381,ENG-015,2026-03-05T06:10:00Z,40.7484,-73.9857,SITE-CT-017,Cell Tower,Travel,0
FL-0382,ENG-015,2026-03-05T06:38:00Z,40.7527,-73.9772,SITE-CT-017,Cell Tower,Arrive,0
FL-0383,ENG-015,2026-03-05T06:40:00Z,40.7527,-73.9772,SITE-CT-017,Cell Tower,Work,82
FL-0384,ENG-015,2026-03-05T08:02:00Z,40.7527,-73.9772,SITE-CT-017,Cell Tower,Documentation,28
FL-0385,ENG-015,2026-03-05T08:30:00Z,40.7527,-73.9772,SITE-CT-017,Cell Tower,Depart,0
FL-0386,ENG-019,2026-03-05T06:18:00Z,40.7527,-73.9772,SITE-CO-013,Central Office,Travel,0
FL-0387,ENG-019,2026-03-05T06:42:00Z,40.7193,-73.9900,SITE-CO-013,Central Office,Arrive,0
FL-0388,ENG-019,2026-03-05T06:44:00Z,40.7193,-73.9900,SITE-CO-013,Central Office,Work,58
FL-0389,ENG-019,2026-03-05T07:42:00Z,40.7193,-73.9900,SITE-CO-013,Central Office,Documentation,20
FL-0390,ENG-019,2026-03-05T08:02:00Z,40.7193,-73.9900,SITE-CO-013,Central Office,Depart,0
FL-0391,ENG-021,2026-03-05T06:15:00Z,40.7357,-73.9911,SITE-AP-019,Aerial Pole,Travel,0
FL-0392,ENG-021,2026-03-05T06:42:00Z,40.7259,-73.9898,SITE-AP-019,Aerial Pole,Arrive,0
FL-0393,ENG-021,2026-03-05T06:44:00Z,40.7259,-73.9898,SITE-AP-019,Aerial Pole,Work,75
FL-0394,ENG-021,2026-03-05T07:59:00Z,40.7259,-73.9898,SITE-AP-019,Aerial Pole,Documentation,25
FL-0395,ENG-021,2026-03-05T08:24:00Z,40.7259,-73.9898,SITE-AP-019,Aerial Pole,Depart,0
FL-0396,ENG-023,2026-03-05T06:05:00Z,40.7061,-73.9969,SITE-UV-016,Underground Vault,Travel,0
FL-0397,ENG-023,2026-03-05T06:28:00Z,40.7128,-74.0060,SITE-UV-016,Underground Vault,Arrive,0
FL-0398,ENG-023,2026-03-05T06:30:00Z,40.7128,-74.0060,SITE-UV-016,Underground Vault,Work,48
FL-0399,ENG-023,2026-03-05T07:18:00Z,40.7128,-74.0060,SITE-UV-016,Underground Vault,Documentation,16
FL-0400,ENG-023,2026-03-05T07:34:00Z,40.7128,-74.0060,SITE-UV-016,Underground Vault,Depart,0
FL-0401,ENG-027,2026-03-05T06:10:00Z,40.7282,-73.7949,SITE-CP-018,Customer Premise,Travel,0
FL-0402,ENG-027,2026-03-05T06:38:00Z,40.7506,-73.8267,SITE-CP-018,Customer Premise,Arrive,0
FL-0403,ENG-027,2026-03-05T06:40:00Z,40.7506,-73.8267,SITE-CP-018,Customer Premise,Work,40
FL-0404,ENG-027,2026-03-05T07:20:00Z,40.7506,-73.8267,SITE-CP-018,Customer Premise,Documentation,14
FL-0405,ENG-027,2026-03-05T07:34:00Z,40.7506,-73.8267,SITE-CP-018,Customer Premise,Depart,0
FL-0406,ENG-007,2026-03-05T08:15:00Z,40.7410,-73.9897,SITE-CB-021,Cabinet,Travel,0
FL-0407,ENG-007,2026-03-05T08:38:00Z,40.7580,-73.9855,SITE-CB-021,Cabinet,Arrive,0
FL-0408,ENG-007,2026-03-05T08:40:00Z,40.7580,-73.9855,SITE-CB-021,Cabinet,Work,32
FL-0409,ENG-007,2026-03-05T09:12:00Z,40.7580,-73.9855,SITE-CB-021,Cabinet,Documentation,10
FL-0410,ENG-007,2026-03-05T09:22:00Z,40.7580,-73.9855,SITE-CB-021,Cabinet,Depart,0
FL-0411,ENG-009,2026-03-05T07:55:00Z,40.8176,-73.9482,SITE-AP-020,Aerial Pole,Travel,0
FL-0412,ENG-009,2026-03-05T08:22:00Z,40.7831,-73.9712,SITE-AP-020,Aerial Pole,Arrive,0
FL-0413,ENG-009,2026-03-05T08:24:00Z,40.7831,-73.9712,SITE-AP-020,Aerial Pole,Work,68
FL-0414,ENG-009,2026-03-05T09:32:00Z,40.7831,-73.9712,SITE-AP-020,Aerial Pole,Documentation,24
FL-0415,ENG-009,2026-03-05T09:56:00Z,40.7831,-73.9712,SITE-AP-020,Aerial Pole,Depart,0
FL-0416,ENG-010,2026-03-05T07:48:00Z,40.6437,-73.7834,SITE-CO-014,Central Office,Travel,0
FL-0417,ENG-010,2026-03-05T08:15:00Z,40.6782,-73.9442,SITE-CO-014,Central Office,Arrive,0
FL-0418,ENG-010,2026-03-05T08:17:00Z,40.6782,-73.9442,SITE-CO-014,Central Office,Work,55
FL-0419,ENG-010,2026-03-05T09:12:00Z,40.6782,-73.9442,SITE-CO-014,Central Office,Documentation,20
FL-0420,ENG-010,2026-03-05T09:32:00Z,40.6782,-73.9442,SITE-CO-014,Central Office,Depart,0
FL-0421,ENG-015,2026-03-05T08:48:00Z,40.7527,-73.9772,SITE-CP-019,Customer Premise,Travel,0
FL-0422,ENG-015,2026-03-05T09:12:00Z,40.7614,-73.9776,SITE-CP-019,Customer Premise,Arrive,0
FL-0423,ENG-015,2026-03-05T09:14:00Z,40.7614,-73.9776,SITE-CP-019,Customer Premise,Work,35
FL-0424,ENG-015,2026-03-05T09:49:00Z,40.7614,-73.9776,SITE-CP-019,Customer Premise,Documentation,12
FL-0425,ENG-015,2026-03-05T10:01:00Z,40.7614,-73.9776,SITE-CP-019,Customer Premise,Depart,0
FL-0426,ENG-019,2026-03-05T08:18:00Z,40.7193,-73.9900,SITE-HS-015,Hub Site,Travel,0
FL-0427,ENG-019,2026-03-05T08:45:00Z,40.8448,-73.8648,SITE-HS-015,Hub Site,Arrive,0
FL-0428,ENG-019,2026-03-05T08:47:00Z,40.8448,-73.8648,SITE-HS-015,Hub Site,Work,60
FL-0429,ENG-019,2026-03-05T09:47:00Z,40.8448,-73.8648,SITE-HS-015,Hub Site,Documentation,20
FL-0430,ENG-019,2026-03-05T10:07:00Z,40.8448,-73.8648,SITE-HS-015,Hub Site,Depart,0
FL-0431,ENG-021,2026-03-05T08:40:00Z,40.7259,-73.9898,SITE-UV-017,Underground Vault,Travel,0
FL-0432,ENG-021,2026-03-05T09:05:00Z,40.7484,-73.9857,SITE-UV-017,Underground Vault,Arrive,0
FL-0433,ENG-021,2026-03-05T09:07:00Z,40.7484,-73.9857,SITE-UV-017,Underground Vault,Work,45
FL-0434,ENG-021,2026-03-05T09:52:00Z,40.7484,-73.9857,SITE-UV-017,Underground Vault,Documentation,16
FL-0435,ENG-021,2026-03-05T10:08:00Z,40.7484,-73.9857,SITE-UV-017,Underground Vault,Depart,0
FL-0436,ENG-023,2026-03-05T07:50:00Z,40.7128,-74.0060,SITE-CT-018,Cell Tower,Travel,0
FL-0437,ENG-023,2026-03-05T08:18:00Z,40.6892,-74.0445,SITE-CT-018,Cell Tower,Arrive,0
FL-0438,ENG-023,2026-03-05T08:20:00Z,40.6892,-74.0445,SITE-CT-018,Cell Tower,Work,78
FL-0439,ENG-023,2026-03-05T09:38:00Z,40.6892,-74.0445,SITE-CT-018,Cell Tower,Documentation,26
FL-0440,ENG-023,2026-03-05T10:04:00Z,40.6892,-74.0445,SITE-CT-018,Cell Tower,Depart,0
FL-0441,ENG-027,2026-03-05T07:50:00Z,40.7506,-73.8267,SITE-CO-015,Central Office,Travel,0
FL-0442,ENG-027,2026-03-05T08:18:00Z,40.7061,-73.6187,SITE-CO-015,Central Office,Arrive,0
FL-0443,ENG-027,2026-03-05T08:20:00Z,40.7061,-73.6187,SITE-CO-015,Central Office,Work,52
FL-0444,ENG-027,2026-03-05T09:12:00Z,40.7061,-73.6187,SITE-CO-015,Central Office,Documentation,18
FL-0445,ENG-027,2026-03-05T09:30:00Z,40.7061,-73.6187,SITE-CO-015,Central Office,Depart,0
FL-0446,ENG-007,2026-03-05T09:40:00Z,40.7580,-73.9855,SITE-AP-021,Aerial Pole,Travel,0
FL-0447,ENG-007,2026-03-05T10:05:00Z,40.7282,-74.0776,SITE-AP-021,Aerial Pole,Arrive,0
FL-0448,ENG-007,2026-03-05T10:07:00Z,40.7282,-74.0776,SITE-AP-021,Aerial Pole,Work,70
FL-0449,ENG-007,2026-03-05T11:17:00Z,40.7282,-74.0776,SITE-AP-021,Aerial Pole,Documentation,24
FL-0450,ENG-007,2026-03-05T11:41:00Z,40.7282,-74.0776,SITE-AP-021,Aerial Pole,Depart,0
FL-0451,ENG-009,2026-03-05T10:12:00Z,40.7831,-73.9712,SITE-UV-018,Underground Vault,Travel,0
FL-0452,ENG-009,2026-03-05T10:35:00Z,40.7489,-73.9680,SITE-UV-018,Underground Vault,Arrive,0
FL-0453,ENG-009,2026-03-05T10:37:00Z,40.7489,-73.9680,SITE-UV-018,Underground Vault,Work,42
FL-0454,ENG-009,2026-03-05T11:19:00Z,40.7489,-73.9680,SITE-UV-018,Underground Vault,Documentation,14
FL-0455,ENG-009,2026-03-05T11:33:00Z,40.7489,-73.9680,SITE-UV-018,Underground Vault,Depart,0
FL-0456,ENG-010,2026-03-05T09:48:00Z,40.6782,-73.9442,SITE-HS-016,Hub Site,Travel,0
FL-0457,ENG-010,2026-03-05T10:15:00Z,40.6501,-73.9496,SITE-HS-016,Hub Site,Arrive,0
FL-0458,ENG-010,2026-03-05T10:17:00Z,40.6501,-73.9496,SITE-HS-016,Hub Site,Work,48
FL-0459,ENG-010,2026-03-05T11:05:00Z,40.6501,-73.9496,SITE-HS-016,Hub Site,Documentation,16
FL-0460,ENG-010,2026-03-05T11:21:00Z,40.6501,-73.9496,SITE-HS-016,Hub Site,Depart,0
FL-0461,ENG-015,2026-03-05T10:18:00Z,40.7614,-73.9776,SITE-CB-022,Cabinet,Travel,0
FL-0462,ENG-015,2026-03-05T10:42:00Z,40.7488,-73.9856,SITE-CB-022,Cabinet,Arrive,0
FL-0463,ENG-015,2026-03-05T10:44:00Z,40.7488,-73.9856,SITE-CB-022,Cabinet,Work,35
FL-0464,ENG-015,2026-03-05T11:19:00Z,40.7488,-73.9856,SITE-CB-022,Cabinet,Documentation,12
FL-0465,ENG-015,2026-03-05T11:31:00Z,40.7488,-73.9856,SITE-CB-022,Cabinet,Depart,0
FL-0466,ENG-019,2026-03-05T10:22:00Z,40.8448,-73.8648,SITE-CP-020,Customer Premise,Travel,0
FL-0467,ENG-019,2026-03-05T10:48:00Z,40.8296,-73.9262,SITE-CP-020,Customer Premise,Arrive,0
FL-0468,ENG-019,2026-03-05T10:50:00Z,40.8296,-73.9262,SITE-CP-020,Customer Premise,Work,30
FL-0469,ENG-019,2026-03-05T11:20:00Z,40.8296,-73.9262,SITE-CP-020,Customer Premise,Documentation,10
FL-0470,ENG-019,2026-03-05T11:30:00Z,40.8296,-73.9262,SITE-CP-020,Customer Premise,Depart,0
FL-0471,ENG-021,2026-03-05T10:25:00Z,40.7484,-73.9857,SITE-CO-016,Central Office,Travel,0
FL-0472,ENG-021,2026-03-05T10:48:00Z,40.7357,-73.9911,SITE-CO-016,Central Office,Arrive,0
FL-0473,ENG-021,2026-03-05T10:50:00Z,40.7357,-73.9911,SITE-CO-016,Central Office,Work,55
FL-0474,ENG-021,2026-03-05T11:45:00Z,40.7357,-73.9911,SITE-CO-016,Central Office,Documentation,20
FL-0475,ENG-021,2026-03-05T12:05:00Z,40.7357,-73.9911,SITE-CO-016,Central Office,Depart,0
FL-0476,ENG-023,2026-03-05T10:20:00Z,40.6892,-74.0445,SITE-AP-022,Aerial Pole,Travel,0
FL-0477,ENG-023,2026-03-05T10:45:00Z,40.7193,-73.9900,SITE-AP-022,Aerial Pole,Arrive,0
FL-0478,ENG-023,2026-03-05T10:47:00Z,40.7193,-73.9900,SITE-AP-022,Aerial Pole,Work,65
FL-0479,ENG-023,2026-03-05T11:52:00Z,40.7193,-73.9900,SITE-AP-022,Aerial Pole,Documentation,22
FL-0480,ENG-023,2026-03-05T12:14:00Z,40.7193,-73.9900,SITE-AP-022,Aerial Pole,Depart,0
FL-0481,ENG-027,2026-03-05T09:48:00Z,40.7061,-73.6187,SITE-UV-019,Underground Vault,Travel,0
FL-0482,ENG-027,2026-03-05T10:15:00Z,40.7282,-73.7949,SITE-UV-019,Underground Vault,Arrive,0
FL-0483,ENG-027,2026-03-05T10:17:00Z,40.7282,-73.7949,SITE-UV-019,Underground Vault,Work,45
FL-0484,ENG-027,2026-03-05T11:02:00Z,40.7282,-73.7949,SITE-UV-019,Underground Vault,Documentation,16
FL-0485,ENG-027,2026-03-05T11:18:00Z,40.7282,-73.7949,SITE-UV-019,Underground Vault,Depart,0
FL-0486,ENG-007,2026-03-06T06:02:00Z,40.7128,-74.0060,SITE-CO-017,Central Office,Travel,0
FL-0487,ENG-007,2026-03-06T06:28:00Z,40.7450,-74.0320,SITE-CO-017,Central Office,Arrive,0
FL-0488,ENG-007,2026-03-06T06:30:00Z,40.7450,-74.0320,SITE-CO-017,Central Office,Work,60
FL-0489,ENG-007,2026-03-06T07:30:00Z,40.7450,-74.0320,SITE-CO-017,Central Office,Documentation,22
FL-0490,ENG-007,2026-03-06T07:52:00Z,40.7450,-74.0320,SITE-CO-017,Central Office,Depart,0
FL-0491,ENG-009,2026-03-06T06:08:00Z,40.7580,-73.9855,SITE-CT-019,Cell Tower,Travel,0
FL-0492,ENG-009,2026-03-06T06:35:00Z,40.7946,-73.9680,SITE-CT-019,Cell Tower,Arrive,0
FL-0493,ENG-009,2026-03-06T06:37:00Z,40.7946,-73.9680,SITE-CT-019,Cell Tower,Work,85
FL-0494,ENG-009,2026-03-06T08:02:00Z,40.7946,-73.9680,SITE-CT-019,Cell Tower,Documentation,28
FL-0495,ENG-009,2026-03-06T08:30:00Z,40.7946,-73.9680,SITE-CT-019,Cell Tower,Depart,0
FL-0496,ENG-010,2026-03-06T06:10:00Z,40.6892,-74.0445,SITE-AP-023,Aerial Pole,Travel,0
FL-0497,ENG-010,2026-03-06T06:38:00Z,40.6782,-73.9442,SITE-AP-023,Aerial Pole,Arrive,0
FL-0498,ENG-010,2026-03-06T06:40:00Z,40.6782,-73.9442,SITE-AP-023,Aerial Pole,Work,72
FL-0499,ENG-010,2026-03-06T07:52:00Z,40.6782,-73.9442,SITE-AP-023,Aerial Pole,Documentation,24
FL-0500,ENG-010,2026-03-06T08:16:00Z,40.6782,-73.9442,SITE-AP-023,Aerial Pole,Depart,0
